x1,x2,x3,x4,x5,x6,y
-0.24978146709393362,0.5325530243059408,-0.8853459872770589,-1.0,1.0,1.0,10.598179212628652
-0.8797617280242329,-0.3416472443683459,-0.7598235986259809,-0.8755821156650281,-0.7402406307253147,-0.5149751700099554,-0.6473774492142129
-1.0,-0.13775830492009,0.039648265099965996,1.0,1.0,-0.2377236665894626,4.273407556311926
1.0,1.0,1.0,1.0,1.0,-0.46475933900775396,-6.162811581673438
-0.7129765251000857,-1.0,-0.07403522871974985,0.21943145294306787,1.0,1.0,4.953500745146187
1.0,1.0,0.1886337825815474,0.5518787038634345,-0.13324053777603578,0.5137225528928431,-0.11023485315620918
0.6269644102580532,0.39564105431263763,-1.0,0.3534698657882021,-1.0,-0.24907298969057456,1.3584559593773344
-1.0,-0.4407917319283714,-1.0,0.4485917683412485,0.268593135016825,-0.5351688762301068,-0.32219375691326585
-1.0,-1.0,-0.3986751215468599,0.0396164510036221,-1.0,-0.42238866315635354,-1.8283032281306228
0.3287246300048201,-0.7468536815804353,-0.751679477489921,-0.37982800469625505,-0.33682171624234863,-0.36471020833061113,-0.1823267868737204
0.04945530299801448,0.5285526652021174,-1.0,0.26814773512200796,0.3098194487432978,0.3046729913286653,0.3227028532642454
-0.5543013144705988,-0.9166287911926423,-1.0,-1.0,0.1416279568437946,1.0,0.26711417612454097
0.9501566037759264,0.06808124279757466,0.18450462681313806,0.7720169822100075,-0.9336861399350402,-0.13034313196692227,2.386711518081053
-0.5983088778991583,-0.6811133660878168,-1.0,-1.0,-0.1632205250820835,-0.4747666719959449,-2.0131008448764063
0.5424587051070023,-0.4064905183666201,-0.0031784901132690634,-0.6773866516756822,-0.6484052513596011,0.0930704933284498,1.940080069939871
-0.17769922805690408,-0.2952092228362293,-1.0,-0.09847588247060557,-0.9335394992760558,0.1803663051806078,-0.537328019063398
0.10285661746275565,-0.1559044003778599,1.0,0.4543090843843213,-1.0,-0.38977285854905164,-0.32548392960805955
0.035984824250602676,1.0,-0.38228278899329,-0.43483867763173206,1.0,0.037722786710461254,1.7592089016466557
-0.2280273883565489,-1.0,-1.0,-0.5088154782728016,0.18405015598415708,1.0,1.8947455869753664
-0.7575958338156418,-0.4586483464074673,1.0,0.03399703991247072,0.8091135583270239,0.6494191935092065,-1.3337566879521876
0.7728946869938547,-0.5296745159172732,-1.0,-0.8629561199659138,-0.500061950923716,0.543160684438359,2.5703119465587374
-0.5073972944242975,-1.0,-1.0,-0.8900850185420337,-1.0,-1.0,4.5582136304737055
0.25394968175845267,0.9571068250971204,0.6586485523545933,-0.2690308117244048,1.0,0.7295491607525868,0.4120516440176202
-1.0,-1.0,-0.4397997558944087,-1.0,-1.0,-1.0,5.366362825644682
-1.0,-1.0,-1.0,-0.7235036899335582,-1.0,1.0,1.2151728604854943
0.317578796629044,-1.0,-0.526667244956404,0.41135824950805927,1.0,-0.009914094625560477,-2.849095074416821
1.0,0.4500423025371511,0.6886984687220317,-0.563650792054692,-0.41512550474225474,-0.1547995037519747,1.829315738707493
-0.3027065417611149,0.9670782335010005,-0.02753855304032908,1.0,-0.0031287368422828754,0.5790032182810392,-0.30996981754921016
0.46153156278345503,1.0,-0.7758328648430145,-0.20063182951374514,0.9688843078655958,-0.25808086077377984,1.0705880713646123
-0.794355950035206,-1.0,-1.0,0.2826654578407888,0.5976070981267607,0.3781633202471607,-2.7460625468397915
-0.4453277565357903,-0.5791698619937589,1.0,1.0,0.9022401829260656,1.0,0.27327488445864373
0.15340148339151138,0.2509431365667336,-0.8558093201389609,1.0,-1.0,0.13067163555202932,0.604920490495297
-0.07766046352259265,-0.7932061404745551,-0.23172711065426044,0.1778370685410705,0.031137585988861183,-0.2576113877476438,-0.2616818665526084
-0.4596168704904464,1.0,1.0,0.3935957225792859,1.0,-1.0,-2.1116112385465495
0.060758226514794234,0.8997087442429019,0.41250598254746124,1.0,-0.13614321240262517,-0.756866416500872,2.0830854252788766
0.5258818944516206,1.0,0.36841211759668524,0.46626076665746896,1.0,-1.0,-0.12786660020388635
-0.3402561887068291,1.0,0.5409309653872523,1.0,0.3103602259707379,0.6265528322238222,-3.3063852297458696
-0.6339696604203893,-0.9754967416202812,-1.0,-1.0,-0.1454409096896485,-0.6693351100814706,-0.6698047487802806
-0.4751524921286142,0.4215902538042045,0.4273815588313823,-0.8136087364615975,0.30749305522938614,1.0,2.6873842123961733
-0.014415341906300283,0.17793167203980098,-1.0,-0.14055996136487747,-1.0,-0.2588022466645705,-1.4837957671292616
-0.1753221619387768,0.3423377666299832,0.5944423296326766,1.0,0.7282097516962467,-0.8458391626740633,1.4570113933369617
0.1523655156005168,1.0,0.9600584565848083,0.2885449327583889,0.10688795989277244,0.30700225659992597,-2.683726232621308
0.6291696011593781,0.004742723603678334,-0.009594702519609921,1.0,0.31451986881834204,-0.789122776059393,1.795160413030949
-0.5344777896170649,-0.12751403558267305,-0.29366043563787914,-0.10070956632861161,-0.9147604300422945,-1.0,-0.7455998666267852
1.0,0.7772048756306815,0.3684865809483895,0.7556663449756489,-0.18882324306207213,0.06412681928280017,1.2045705649671918
-0.861381140974132,-0.68742363403947,0.025135092015890037,-0.9626339478130819,-1.0,-1.0,3.072536922988881
-1.0,-0.7430221113487601,-0.4105617944648178,-0.15556082966740958,-0.9858135669704835,0.5639358697878061,-1.394534766733758
-1.0,-0.5295214523065255,-1.0,-0.7595998701640805,-0.6191254661016081,0.8074447833085948,1.2641608134515634
0.17522651127765965,0.5744547577686936,0.1351734257475845,1.0,-1.0,-1.0,5.545408108286578
-1.0,-0.8260483340215354,-0.4165047354489835,-1.0,0.3556933431821231,0.4015888386893065,-2.504442277753372
-0.6319358712302242,-0.07870062849596393,-0.6791219116721049,-0.8399855779160467,-0.3265697305616988,-1.0,1.8935700404169917
0.4460062512253703,-0.7021932032530351,0.3527457650721111,-0.5333308736417661,-0.1193334855710102,-0.02904230916945627,1.4812169627958318
-0.0709631713923955,-0.9222482449197495,-0.575086938631109,0.38037805473988184,0.154387254665594,-0.24900247724091695,-1.5707099239409854
0.49121979082403877,0.11841749458017559,-0.6785371837387801,-1.0,0.8449594312992246,1.0,3.824906685540386
1.0,0.0040114089497305105,1.0,0.30886583922109323,1.0,0.27281352235144096,-5.107988531234629
-0.8901963889250429,-0.6271670934401552,-1.0,-1.0,-0.0822567486212642,-0.4507298709702606,-2.5366825199547667
1.0,0.536300147145168,1.0,1.0,1.0,1.0,-7.431481981577003
0.4824461587225052,-0.5058388895264948,-0.22064886713535237,0.2136931688216665,0.5084146392846329,-0.05422711949721498,-1.3560491535695103
0.8069474365445383,0.5615376086677583,-0.812852151587192,-0.3618923340593705,1.0,0.23626113917680214,-1.8376256439621832
-0.3138851087339516,-0.6516947445936256,-1.0,0.6537067970686773,0.7428534217736426,1.0,6.880045544654283
-1.0,0.28116814957265607,0.0661877685614603,-1.0,0.4502014567542149,1.0,2.651484991221687
0.09495403110383993,1.0,1.0,0.4160748439037749,0.22408487236809682,-1.0,-1.0627589084280507
1.0,1.0,1.0,1.0,-1.0,0.03978312554957458,4.086317954762526
-0.20429808995344084,-0.28862202092915706,-0.23345753854288195,-1.0,-0.8000541555267608,-1.0,3.106571527511557
-0.8444659771947152,-1.0,-1.0,-1.0,-1.0,0.8789431254516668,2.2281197944224362
0.4398225690558018,1.0,0.8187588522745666,0.09380112603936372,-1.0,-0.83515412661243,0.4640395649237796
0.41271312112159886,-0.15768677452767665,0.4500038187764732,-0.89316819312434,-0.3232356317960925,-0.5241936806188491,2.5509303984496343
1.0,0.6901847866048616,0.45328837128641153,-0.28638933280173995,0.12426859279434499,0.3260628582122697,-1.7443947516966478
0.4282463564950633,0.5887957920949977,-0.3021345921701345,-0.2210344437631735,1.0,-0.24800613722040815,-0.24625467300118387
0.41173385536974444,-0.6872499681841158,-0.97129844969937,-0.5144240488415925,-0.17491471055203334,0.11412343549760809,-0.7592006907850077
0.6213557433583488,0.8375033498118126,0.5798801295617575,1.0,0.9491220516014343,1.0,-1.0531725049679401
-0.5387005055349446,-0.3121829444620001,1.0,-1.0,-0.4359574490385301,1.0,-3.682609300734946
-1.0,-0.004683603582350981,-1.0,-1.0,1.0,0.7168801494840329,4.091687984016831
-0.2463152776460702,0.2829434482973757,1.0,0.4031652119303494,-0.11873315179175736,1.0,-0.8054570366662283
0.254310278135405,-0.06690208060057354,0.1547626719362334,1.0,-0.1161797287854591,0.33015270006446273,0.3660751775270487
-1.0,-0.7375290753576518,-0.2842281217722912,-0.6805550169840197,0.8453600161682551,-0.42176884333544135,3.003218686581092
1.0,0.7583855445782881,0.2595074620778741,-0.35983046325795165,0.6856529368332239,0.0796345032869389,-1.3850850818157938
0.7998923925108652,-0.43602306023589343,0.033376222270936284,0.47369166957875103,0.5657085344003501,-0.1794983839089762,-1.1555870775337276
1.0,-0.8964034676761512,0.6696761340248387,-0.1382763271568367,0.2175743543588966,1.0,-0.26769286537169706
-0.17747176040140866,-0.6658018028634924,-1.0,-1.0,-0.5351574444032079,0.48532459315117654,-0.03620276429531366
0.9503061677295879,1.0,0.24879077385062548,0.6359905143495057,-1.0,-0.5208312678890135,5.656873669348889
-0.671948156390882,-0.5055089968089326,-1.0,-0.05664822965330096,0.6642583954737968,0.028096038551747693,-1.6447553191114868
1.0,0.5767645414327209,-0.33750245405848495,0.481592766786308,0.1297252765019541,-0.5416782334592594,1.377421510377113
1.0,0.8098326713437582,1.0,0.02654098388515913,0.518428386685319,-1.0,-0.749843263762509
-0.8725311792166924,-0.19838433456586824,-0.9822993483451322,0.32340721592868094,0.18669274752414866,1.0,7.452001556084011
-1.0,-0.7089503025105062,-0.9735544412045487,-0.11985299387180517,-0.09474923513584632,0.15776046636025187,-1.9146749725552095
1.0,1.0,0.6742445047356516,1.0,1.0,0.6291924780649232,-5.963600346963208
-0.5133819440849667,-1.0,-1.0,-1.0,-1.0,1.0,5.025846186826183
-0.5167700950851516,-0.7808947190006692,-0.2578173787892557,-0.34925667139485705,-0.09121224337143474,-1.0,4.360875300190887
1.0,1.0,1.0,0.975261161833765,1.0,0.3937841055100424,-9.770519049153165
-0.28198159318181615,-1.0,-0.5990647643231113,0.7765679242324024,0.8447597373335338,0.5178153302528444,-0.42221143077763595
-1.0,-1.0,-1.0,-1.0,1.0,1.0,-1.0987463409288154
0.6971279656315741,0.2628481371791551,-0.9580215969404497,0.7730612538783355,-0.9025408717440035,-0.9251140367968562,4.567427041885857
-1.0,-1.0,-0.19103526726362552,0.11406828867183433,0.8451966856350215,0.8841581756757915,2.4603347566529816
-0.06625827454966593,0.09264693490245668,0.7626069656363594,0.41639564976182314,1.0,0.8279589030626897,1.142368361141835
-1.0,-0.03894561215938741,-0.097128893476503,-1.0,-0.9025748436300367,-1.0,0.018974011273206443
-1.0,-1.0,0.02334491449293187,-0.07467673482490023,-1.0,0.7312347525017096,-3.1413946165309308
-0.9519628761349028,0.26953308622976496,1.0,0.9061472431475627,1.0,0.1687512258493089,-1.6007550072772276
-1.0,-1.0,-0.9141504810059511,-0.7521185879958849,0.29799907208186827,-0.7631870007799914,-0.03280071686893468
1.0,-0.08396374958735153,0.011354168604573917,-0.7409728587252475,0.627161594794376,0.8522930241837954,-0.6398012115217921
-0.4235698119260064,-1.0,-1.0,-0.852310025221404,-1.0,-0.17731100523113189,-0.07515935801539264
-0.6872241610693333,-0.7028600381754628,-0.03949828015351475,-0.20373746606127363,-0.972663671462533,-0.001996127147605886,-0.8090679329961327
-1.0,-1.0,-0.525805544949188,-1.0,0.04402949692380642,-0.02181522311940237,-2.6305545858667454
0.6035596565297302,0.6023075161739861,0.8721993423295751,0.8966838282862588,0.33917691111029313,-0.19674628535884597,-2.1933389521990128
0.9706112474292239,-0.4002542562317156,-0.5151191628225781,0.07431067600102742,0.20848104648049692,-0.49021002475179964,-0.5270623176848829
1.0,0.9984443057189416,1.0,-0.34059735869760965,0.23159620290997338,1.0,-3.3693913698724187
-0.3626636709382547,0.266075967049231,-1.0,-0.1438889524507591,-0.43875723704824265,-1.0,3.382037134713229
0.8643169691651373,0.06519684239128853,-0.08369372093498989,0.23754930447923672,-0.6903466872415177,1.0,6.210590874092107
1.0,1.0,1.0,-0.07149190481229112,-1.0,-0.8732853598659991,3.743695510605013
0.5680759306236539,0.11221764786719435,0.7130602396771207,0.845480711191222,-0.5533690707185596,-1.0,5.479836447218819
-0.3124388539607784,0.523131689544351,0.7856450936842577,0.3461832554456764,0.056977094091514975,-0.7961210296273975,2.009071899616363
1.0,1.0,0.9937376501194876,0.42406849277952285,-0.9462201223689418,-1.0,5.190730539971393
-1.0,-0.40724586920741346,-1.0,-0.41879850938321034,-0.6355333642327967,-0.33516396011790084,-1.495079993514592
-0.7773991213379624,-0.8923319330633002,-0.7210768015481762,0.561494485989626,0.2769688570993043,0.05884734743354769,-1.7427100108242919
0.04751585846229023,-1.0,-0.43278888668027293,-1.0,-1.0,-1.0,8.722529831786733
0.9241692673933145,0.3916881794262268,-0.58167170872641,-1.0,-1.0,-0.0004312607219021797,4.966129796766561
0.09165085460399336,-0.025053984659056394,0.4880601564195931,0.10591027951760701,-1.0,-0.5833287765251425,0.5438478722911039
1.0,-1.0,-0.05803157451030028,0.23427830602359884,-1.0,-0.19066324197201534,3.9620947165055163
0.5945436468711107,0.6999250329691808,0.2500790129319858,-0.03893812734144214,-0.043111936965480546,-1.0,2.3301371226637686
1.0,0.7416030936105567,0.4387667929354935,1.0,-0.40250717951485226,-1.0,8.042967625429347
1.0,0.6026293139303942,-1.0,-0.3522684298404366,-0.4409951989501764,0.10815628840400915,1.506581905178908
0.6043142704387465,0.8096109164535545,-0.6396549799120932,0.36020730524389877,-0.8365496111547313,0.5999732851197476,3.9568240851487246
-1.0,-1.0,-1.0,-1.0,-0.2799530929691656,0.5948528135074524,-5.807080025237018
-0.7866530857483212,0.2354946191022106,-1.0,-0.9633052531680153,-1.0,-1.0,-0.11514271907560153
0.4949504320091476,0.31314951030712546,-0.01522969547540809,0.04805871784396576,-1.0,0.17264322684565842,1.3730740875710388
-0.45547631232888736,0.25548186641183135,-1.0,-0.13465345251253596,-0.9923585720286046,0.060226424747610946,-2.33315835720627
-1.0,-1.0,-0.778870846323513,-0.5707701931828362,0.3219455168260883,0.8871664762773306,-0.6803200834015761
-1.0,-1.0,-1.0,-0.5047371821312252,1.0,0.3096818635336842,-5.084437282133898
-0.07300529711314624,0.07764642099518881,-0.925180914087946,1.0,-0.3753798961450381,0.6430999440478987,0.7497470022579268
1.0,1.0,-0.2511011755750334,0.4237922747723673,-0.024948189810318183,-0.8247852258529745,2.384060156844267
0.9264633441909776,1.0,0.654619337995342,1.0,-1.0,0.4917464465802492,4.581383563618094
-0.19757166053424174,0.12837245493588545,0.8101725751265303,-1.0,-0.3287154476532783,-0.08787187614829528,-0.8081675113529088
-1.0,-1.0,0.45551464857685764,0.41640096195145077,-0.9677761005151494,0.3668870377737824,-1.3143775159657343
-0.7849398798731771,0.06263075934648182,1.0,-0.6563588719585025,-1.0,-1.0,-2.019142959429688
0.786754092513741,1.0,-0.7627119487579087,-0.8465814155840858,-0.34562899775914124,-0.9084801494047205,2.284065151097814
-0.28087270090900496,0.3948162747919895,-0.3278448002994933,-0.1581056251171274,-1.0,-0.13695547568625832,-0.9265902508259163
-1.0,-1.0,-0.756177579935002,0.8096210025988483,0.6918260539538559,0.17054985577701776,-2.75718417891473
-1.0,-0.24844245277023358,-0.2420310808096784,-1.0,0.473360781724144,0.3787984278491545,1.0256917076266494
1.0,0.49825644211903963,-0.7772991768859949,0.8426150964741449,0.5908864997063634,0.5787568129319122,-0.9519838857700094
0.7943625666874248,1.0,0.3460958904461857,0.30003760621345127,0.9372163732781329,-0.3146067549874711,-1.7069235945652987
-0.21117347788053947,0.16666171366353766,0.2910474262099385,0.6390728357363453,0.23861084040942449,1.0,2.18803882018174
0.4260688420340403,1.0,0.5866739357919012,1.0,-0.3463323371754643,-1.0,4.313425846082214
0.5109854979637986,0.3055686056248561,0.14241940580646478,1.0,-1.0,-0.33715463541509205,2.8885694932482795
-1.0,-1.0,-1.0,-1.0,-0.8782262655840964,-0.6480753780682131,0.5880795896005049
0.8147755128407964,1.0,-0.9250929327788227,-0.7709353392446598,0.3880244784388597,-0.44791960886115895,-1.0928415928670852
-1.0,-0.791616210136467,-0.07346646369602905,-1.0,0.015257355896780123,-0.29282064358279103,-0.30759369017073457
0.2271875258314724,1.0,1.0,0.058751429914417175,-0.07311913298830736,0.5453361559187491,-2.717819831577437
-0.6473583616785669,-0.6094026458656682,-1.0,-1.0,-0.8095164521713835,0.3272373209660894,-1.0236385496351301
0.05610975987310968,-0.459144572203191,-0.5831420336507886,0.05297726616711429,1.0,0.14660139878195966,0.10290255471511645
-0.08210413869191857,-0.6730141764939404,0.03514365475244646,0.18316549430115592,-0.8946154832532426,-1.0,2.9867464261726147
1.0,1.0,0.18725998376992625,0.12526564544963148,-0.0664777390269452,0.2905769555183335,-0.21176263549703725
-0.5629107494981711,1.0,1.0,1.0,-0.044348629569423814,0.7041761345448352,-7.542885608542269
0.8945831808185244,1.0,1.0,0.1416078821808291,-1.0,-1.0,2.984019240180098
-1.0,-1.0,0.052546096881879376,-1.0,-1.0,-1.0,6.223331264884073
-0.7912633758836548,-0.32074719699981447,-0.4605404746872135,-0.5371072932164184,1.0,1.0,4.977830712885855
-0.20074536748229022,-1.0,-0.4747809453507317,-0.16084359045800276,-1.0,-1.0,1.9786535315520577
-1.0,-0.12565414745066583,-1.0,-0.386830642690269,1.0,-0.6411023423796256,1.3044351097221463
1.0,1.0,1.0,0.6163285198206292,-0.24486232877719405,0.4601682139451172,-1.8149592946028554
-0.10510936197809564,-0.3415467273685958,-0.9828661243293992,-0.6710794501825031,0.11917723431403887,-0.8335623152986543,2.9490001054425585
1.0,1.0,0.4347761234850447,0.03654044935650047,0.016958132239034085,0.560167038830855,-0.3054676984406655
-1.0,-0.6566320361066652,-0.999039166795879,-0.1864334215595912,1.0,0.8352384053355169,2.5406281119764245
1.0,1.0,0.9458342526441175,0.03637685919936473,-0.15893437672585853,-1.0,2.276365314085719
-0.7107001476355465,-1.0,-1.0,-0.9418403636569531,-1.0,0.11996444069939893,-1.2644463079396624
-1.0,-0.7914080785463327,-1.0,-0.9730976067802424,0.9548996465970991,-0.7788563681512859,0.9300537952636494
-1.0,1.0,0.8472844050612474,-0.7270763480853274,0.3208718991413499,0.15466608818973704,-3.4439308774840263
-0.6531689829927311,-0.41077500506872977,-0.09622762845533739,-1.0,0.18425759688590196,-1.0,4.260896034073261
-1.0,0.5623873801799855,-1.0,-0.25268785761245854,0.6720685944652223,1.0,11.442905113910793
1.0,0.1767543972443113,1.0,0.006516229372244053,-0.34640703462455624,-1.0,6.320463579640783
-0.4724436659503062,-0.7430827562335172,-1.0,-0.07619065536170577,0.9109728155401449,0.22337799185410456,-1.0374440850235231
0.13825651351963464,-0.20919248377442096,1.0,0.6711410093495211,1.0,1.0,-0.9343541944149344
-1.0,-1.0,-1.0,-0.1810030155256368,0.6392444353364444,0.33162634256867013,-3.9357640736824715
-1.0,-1.0,-0.6566613721879531,-1.0,1.0,0.9762420142301561,0.2574950973559479
0.04252875527415607,-1.0,-1.0,-0.8691403441292924,1.0,-0.38590503519787733,-2.944607351739961
-1.0,-1.0,-1.0,-0.21928764732479045,-0.2516585874853736,-0.545508916504027,-1.9415635970642828
-0.9479613441775363,-1.0,-1.0,-0.8585390314036112,1.0,0.8338553057703089,-2.1363554047499203
-0.12196894489993754,-1.0,0.04319749549179647,-0.30781544811194317,1.0,-0.9229769735266373,4.599594037453181
0.8734707906333101,-1.0,-0.002754550454308058,0.40198358971273085,-0.509137979594054,0.06866233935268506,1.2605336206546092
0.3564238293007911,0.14745235823435554,-0.7503336101923899,1.0,-0.5650299279251025,-1.0,2.561325923979866
-0.9602525526149595,-0.7092754494937736,-1.0,-0.8004360028132045,0.9571040718875888,0.7903835930600543,0.05788336108776393
1.0,0.23175816843160835,0.28014916923818733,0.725129284812599,1.0,0.7704846140741431,-1.1634096012036197
1.0,1.0,0.9108816818519996,1.0,0.37596254469957857,1.0,-6.847148688363262
-0.8429084740592105,0.7326810160229679,0.3032727789934677,0.6669580002463322,0.5750533209241131,1.0,2.277058626964816
-0.7403182753632696,-1.0,0.19628594347829884,-0.09541529084696698,0.09800474746159382,0.29685054282303,-0.3088686258747162
0.6744760702367717,-0.2556248464736831,0.13762658263738184,1.0,-0.04025662749487047,-0.5815144426534367,1.3724436687063433
0.6028461019969208,-0.23793453797069247,1.0,0.6066300202632238,-0.8923302881196256,0.0063975263725245535,1.8657574457982617
1.0,-0.5680458095908579,0.2833324819513251,0.627900214519798,0.32282578393756983,-0.46169897303270757,0.31582599431553593
1.0,-0.6531717833714967,-0.04087226798959975,-1.0,-1.0,-0.6104068079647368,9.1028368565321
0.5765975466112421,0.7061034878453414,-0.39259205750848514,-0.8880707904912424,1.0,0.6402426959349967,4.060016082626981
1.0,0.3150321039249464,1.0,0.578364214552756,-1.0,-0.26532454479700507,5.527166402217391
1.0,0.18970294214118288,1.0,1.0,-0.9011002766159725,-0.2131626053322127,4.329813121137533
1.0,0.1524356654758524,0.034604584156910256,-0.4387954986691137,-1.0,-0.9846094635932253,7.2000498445782375
0.3677641277947772,0.5274340030227196,1.0,1.0,-0.43002280318958014,-0.8074061011834912,2.2933084351539232
-1.0,-0.7277153981154265,0.9303149668970634,0.9271028134281559,-0.26343799367906157,-0.4356122017589288,-0.8433285604051837
-0.34276883193870433,0.04657240392856499,-0.399097086460951,0.24531566508392555,-0.010204526972356631,-0.8022729844953884,-0.6619508466064441
1.0,1.0,0.3139149894939675,0.7121694146564412,0.7585956321944225,1.0,-0.8695548681260512
-0.5627859922302287,0.5473388769086256,1.0,0.5440225106737453,-0.9522096524860317,-0.7799895442514317,-1.8018025777081377
0.6233921811711944,1.0,0.9882532272804718,-0.42630482754462845,-1.0,-1.0,-0.3460447154486846
1.0,1.0,-0.21203815764707457,0.5707608952103804,-0.06918886641491984,-0.07720638243137179,1.274842307843274
-0.2662428672631293,0.7403292506246231,0.33879436609995217,1.0,-0.5254419126928042,0.27999631959259874,-0.2595603008244806
-0.7661895892828591,-1.0,-0.12218530144990969,-0.6648796470601124,-1.0,-1.0,4.186864715102289
0.14865002254602588,0.5640343116894011,0.07913562583456235,0.5135514472958171,-1.0,-1.0,2.717299862805617
0.9474513699961401,1.0,1.0,0.5286138631807487,-0.25532212010729277,-0.8987895528633607,1.5285379254367197
1.0,0.30683900977280687,0.1564222438405325,0.025439134637775584,-0.8167497615253374,-1.0,6.344061345778294
-0.4972404342613507,-0.453722969538543,-0.9973712810912574,0.4333718308652957,-0.3903473044292941,-0.47175180037391007,-0.028816495373503725
-0.791584269143653,-0.5383404838185175,-1.0,-0.8715728358598414,-0.6339576256625717,-0.1797944868393072,-2.4634011197534273
-0.7277778953979729,-0.282222784782298,0.18133043149876288,0.3334209214372316,0.07545135143599402,-1.0,2.6862136078152274
0.3226340023766553,0.12527741050407376,-0.7628965178137581,-0.5879980534249998,0.846141427758531,-0.6479928664176535,-0.9476624938660011
-0.3217067462580223,-1.0,-1.0,-1.0,1.0,0.9680757084947238,-0.4850950547887465
0.41356524446386866,1.0,0.35509328426487924,0.021136565639681193,-0.069090991105756,1.0,3.0563717966318524
-0.5054999453361738,1.0,-1.0,-0.2848462946423368,0.049618651056746454,0.6334275888588272,6.46402508195539
1.0,1.0,1.0,0.36135140932373777,-0.6301159759603051,-0.685967555051542,2.264812762786649
-1.0,0.7973838291498988,-0.28023526590833114,-0.07975815217163895,0.8508174269034828,0.6794398557497182,5.0528197287820635
0.22569278748646804,0.6884941038863266,1.0,0.1275722664742056,1.0,0.7717853359023983,-2.128760576081004
1.0,1.0,1.0,1.0,-0.539127827767712,0.38712262039941403,-0.7545803165362537
-1.0,-0.4404659500912249,-0.22163504475043186,0.26484957890725314,-1.0,-1.0,-1.2774198898667417
-0.2713651408844802,-1.0,-0.3213872885282585,-1.0,-0.65239578062748,0.6009744558047093,1.1552324241749172
-0.24659256230522436,0.13228800773500637,-0.7980795112654859,-0.2140258570026793,0.9354016788252248,-0.9899483670963576,2.746874246592635
-0.41019478552010236,-0.6906518894453008,-0.13123974885837775,-1.0,-0.043451883983101514,-0.029916440905811692,-0.28552520445814433
-0.03229526179910186,-0.029958787045606505,0.40380512429273396,-0.035698614985495036,-0.39715241351507413,0.9321972994886083,1.771704366352273
-0.03567735273320516,-0.15953398552480103,-0.5575211803594462,-1.0,1.0,0.6572856206045776,2.743299602751487
1.0,0.4846122609867066,-0.2648203613954661,1.0,-0.5542539840380972,1.0,4.794815865021933
-0.4388346302404663,0.4462640330056151,1.0,-0.8012147366118308,-1.0,-0.26345590158397914,-1.9607991997230574
-0.5328389753918081,0.2227292326294943,-0.05052845554582712,0.9454199209441054,-0.5205464641128792,-0.0724382410735076,-1.0261911043320497
-0.7405089091331077,-0.19674201208616204,-1.0,0.027592320542919158,-1.0,-0.1532147176725076,-3.196378498390613
0.5100606895005626,0.9828414192695256,-0.010353045123550508,0.9985791673538366,0.7752148236987327,-0.1792804176108945,-0.5331569977764382
1.0,0.7764506740628903,1.0,0.13326852315732785,1.0,1.0,-4.94221906583002
1.0,0.538309168880686,-0.07233296164990566,0.9561285470066224,0.6650350361443869,0.2529006470498647,-1.0401333162901383
-1.0,-0.033331815261195,-1.0,-0.468630250212641,1.0,-0.09690283542608058,-1.0934514388000758
-1.0,-0.9748351386916635,-1.0,-0.7456446294044448,1.0,1.0,0.5203823712963043
-0.9765902694514136,0.06219416324948235,-0.31362668984261866,-1.0,0.0022607231802108663,-0.5081687621553725,0.6324056438837116
-0.22366386588399595,-0.46600827650465887,-0.6779102473579166,-1.0,-1.0,-1.0,2.6438793569200056
0.12491772974213122,1.0,0.7133175239799667,-0.13076851249879337,-1.0,-0.8711439563710441,-0.6335939988046142
0.6280553555956843,-0.7753306098432213,-0.6213362750762842,0.5731927612148251,0.05897399944035597,0.662170830157094,0.7456797521272809
-0.3152153299688222,0.012254916356333245,-0.9943183355322534,-1.0,0.8976774730211682,1.0,9.524301922824444
-1.0,-0.13249341354675803,-0.4586451057385441,-0.41857884097547227,-0.14261125058153218,1.0,2.1074835823200986
-0.04817214179860141,-0.06785500589074855,-1.0,0.6847204913060873,1.0,1.0,7.787632501459874
-0.23288972599596058,-1.0,-0.02784593013925679,-0.6176185910923384,-1.0,-0.2640117096769362,3.3915902022356486
-1.0,-0.6002938538259492,-0.3463764985479398,-1.0,-0.9183400328422546,-1.0,3.0866150133010306
0.7123769584526609,0.49197208160271744,1.0,-0.36334946820085406,-1.0,-1.0,3.140577625960933
-0.7490081641213668,-1.0,0.18981882457758711,-0.9532194870877815,-1.0,-0.8525679483261166,5.584992319532581
0.2268197756334991,1.0,0.4224756988126528,1.0,0.4405027341218051,-1.0,1.2732700896744125
-0.8123738158944511,0.5224076946719072,-0.6076156886613344,-1.0,-1.0,-0.6101654929112843,-1.0597924705736725
0.9570251562099918,0.613912281779452,0.27923310274724805,-1.0,-1.0,-0.7951868330299956,7.387257813894103
-1.0,-1.0,-1.0,-1.0,0.9019422017314064,-0.44761391128004563,-5.241008547719627
-0.5998799768238801,-0.013823786233849056,-0.2897545853560749,0.8845679702626885,0.48910896294868905,-0.3707284836757624,0.7852502784207993
1.0,0.22472959206617338,0.7841840055175602,0.7835720606710991,-0.024409186433067442,0.06384271400042929,0.4855408547042404
1.0,0.8725302438318465,1.0,0.25187374459793976,-1.0,1.0,3.1080739160601354
-0.3321072685387336,-1.0,-0.2932896813888519,-0.6083508432404616,-1.0,-1.0,4.858803471918144
-1.0,0.613388382329374,-0.590419063415042,-1.0,0.9546819547595611,0.6241718029552352,6.322553674076756
-0.10501763070418213,-1.0,-1.0,-0.009205617954214151,-0.33686800735901234,0.6704467024999861,-1.2574924898106534
1.0,1.0,0.3918663838887726,0.26265174113947587,0.18437750531713426,-0.8533253863180102,1.0322429829223896
-1.0,-1.0,-1.0,-1.0,-0.35070165261824293,-1.0,3.94970659956922
1.0,0.8739155201386821,1.0,0.7256292162574887,-0.36133889882565184,-0.4349430373191432,1.8455816775683649
0.3564361995405979,0.6285428462132316,0.2911819044372881,0.37885366533970743,0.20282394332380094,-0.5270039195084405,-0.9886754758692811
1.0,0.5741085432501585,1.0,1.0,-0.7781440274788856,0.34440636370224753,2.938228780160957
1.0,-0.1393572501969199,0.03800955199577308,0.7529501961282229,0.9266604084943311,-0.5477155076531619,-1.3671549212691283
0.7154564286668859,-0.5424389659394886,-0.9635643349441333,1.0,1.0,1.0,2.343599463965267
-1.0,-0.3959880332133224,-1.0,-1.0,-0.19863082468051652,-1.0,5.081600387953203
0.1391465156673981,0.8510342727833557,1.0,0.7171721503843493,1.0,1.0,-3.3998220851820973
0.36387434211010583,0.3801231747288234,0.6617315512611434,1.0,0.16589322054773425,-0.31652010435798805,-0.3851321253478482
0.7146496871369648,-1.0,0.8396061070052803,-0.10750047386482339,-1.0,0.031391659476512845,6.984040423654552
-0.0889712539965638,0.7122875332757556,0.33903283542942586,-0.1808759401835367,1.0,0.05745631045105071,0.4715798931039648
0.7987722386353405,0.8303051348057635,0.5894217461201782,1.0,-0.6532360652264744,0.772185223634602,1.6475931543103386
-0.815277630090651,-0.7416703040767711,-0.9664261823169582,-0.17588502506686,0.9056733380575833,0.6318256693113922,0.28873030250619464
-0.24228057155530894,-0.3480872938956897,-0.1351341914162637,-0.3049777208012656,-0.613898450827966,1.0,2.3274321492917167
-0.49161846357924577,-0.6997348308088793,-0.3763845303740697,-0.17764538386367468,0.8282299216786271,0.018743312902110176,0.6159422644912451
-0.6240150895379725,-0.7817571594778433,-1.0,-1.0,-0.3288600606112588,1.0,1.3807565979102847
-0.7124994632213456,0.9070833309234617,0.6310406066051418,-1.0,0.17288875944391063,0.5391549817077678,-1.097193050426576
-1.0,0.14206539062827825,-0.2363417170338733,-0.3788630322373333,0.29130733774317724,-0.9532720272479823,3.453742011849509
0.21339060637601193,-1.0,-1.0,-0.7587021956138105,-0.42080797938926606,-1.0,3.6230647742273
-0.09707102629248893,-1.0,-0.5639822017634175,-0.6481964166491874,-0.1015871955474813,-1.0,3.5460233295992265
0.09947420397946338,0.7557194632766637,1.0,1.0,0.6556641348986014,0.5790086232542331,-4.436667368160019
0.7359172098381389,-0.5399701588646566,-0.6347026974092176,-0.7848579208324566,-0.550165140876403,0.09720581351962376,1.0826860180141544
0.5020635637500883,0.4676304700573777,0.8244038886791453,-0.04064485663825146,-0.7075509583750459,0.2428898881948332,0.9879713582805026
0.4911627797269132,1.0,-0.19409930333873654,0.8767343556010232,-0.7643699531778487,-0.15060143334603482,4.104140970806142
-0.27717072054665737,-0.39216786818133903,0.5609472440134234,0.46001986842531756,-0.5478371788101773,-0.30050796806930424,0.3332281297174666
0.06572806546540844,-0.572652784002828,0.014225579680202369,-1.0,0.2087046179140262,1.0,1.5836867030497768
-1.0,-1.0,-1.0,-1.0,1.0,1.0,-1.1378676243338242
-1.0,-0.754264013005276,-1.0,-1.0,1.0,0.3648846578012066,-3.6148714079796593
0.33545819891016904,0.4836432806669685,-0.11763206501511242,-0.9241207382206378,-0.6647793200020371,-0.8901614082631468,2.6049786990552493
0.29234234698820205,0.31430731393551475,1.0,0.16280301326987778,-1.0,-1.0,1.6805784364986787
1.0,1.0,0.35507558250259597,1.0,-0.8775213954773532,-0.5306329919141751,6.787059202721546
1.0,0.6640561061273205,0.555051842138311,1.0,-1.0,-1.0,9.062553277622815
1.0,0.17514554996623122,0.7566529913826694,1.0,0.05463112404166559,-0.31828985560801765,-0.743995232002749
-0.41021906344303405,-0.6708312121577482,-0.2951377224906149,0.494729165977501,-0.062483552865562064,0.46577782666270395,0.4263495544727695
-0.5015465723523937,0.1711153597515251,-1.0,-0.903139511015411,-0.07999744795781319,0.7253826638480924,3.0455349191666126
0.5105668794322555,1.0,0.219798881138487,0.42335600065197854,-0.5476232474788763,-0.168400234970277,0.6715820290329242
0.17239036949229936,1.0,0.02036466825751765,1.0,-0.05037762968045956,0.773896095075917,-0.3209278068295167
-1.0,-1.0,0.045366694497024185,0.5429702096067943,-0.43413132270726495,-0.499717678041826,-0.8454855565695099
-0.9796094648875073,0.24966996044360237,0.12736213299589777,1.0,-0.5827643427756914,-0.19334785298505586,-1.160007711641911
0.03968149762615275,1.0,0.46331591840859465,1.0,-0.9545598750936896,-1.0,4.267304838436924
-0.7310050103318979,0.5913679919664256,0.49980743943938283,1.0,-1.0,-0.7263598155026668,1.5431019245879531
1.0,0.9889925450720201,1.0,0.0646413519519069,1.0,1.0,-5.360532185487999
0.2883414318810684,0.6086184639261396,0.429247995865177,-0.7981312939523163,0.33712081034526853,0.9755579518185662,2.030587537900609
0.045794201209547525,0.7358279125115569,0.47693800778793605,1.0,1.0,0.06798079213280528,-0.7906913433146863
-1.0,-0.7207205938383645,-0.07571081359839482,-0.8704553058199176,-1.0,-1.0,2.1899457312599027
0.853149624463825,0.17907660961943983,0.8476818593621588,0.12983154326549562,1.0,-1.0,-1.1197806265095906
-0.5388152428130766,0.9705879490136866,0.46174379424431283,0.6243601687246991,1.0,-1.0,0.5954600312186699
0.6525890049899647,0.8997324213166422,0.9358541340087818,1.0,-0.23612570950270742,-0.43712850616613436,-0.20954859846169066
1.0,0.34116809871802345,0.5213348556690566,0.5199808724412512,-1.0,-1.0,8.814427489424148
0.45776466904537877,-0.7525597176627682,0.6823023837957185,0.23748913536094313,-1.0,-1.0,6.724222851374535
0.8232702316068563,1.0,-0.07682548263749081,0.5851666286457456,-1.0,-1.0,6.865680209445265
-1.0,-1.0,-1.0,-1.0,0.045449183354240474,-0.10538424518936551,-7.533774523534475
0.21282997367420609,0.4845137567709845,0.374763573240916,0.7758822963699251,-0.850036297043955,-0.8165153364395283,1.9123313103135953
1.0,0.05305904204155004,-0.393236151977741,-0.7804613091107262,0.2052260865017477,-0.5200639495383717,0.5699546942799695
0.6434229694619974,0.6924754655862726,1.0,0.7517220280252608,-0.47168360126047365,-0.19164719834287602,0.5119331549065564
0.4199832239341086,0.8572665751912764,-0.8860603402942335,0.061935590420515774,1.0,-0.9951599244976325,-0.09530062960849539
1.0,0.45069106184531793,1.0,0.6499693634569752,0.3547049676860772,1.0,-4.35841086408041
0.9034804665877486,-0.8996409223349382,-0.08498143701580764,-0.6229583311164066,0.8600916729174899,1.0,-2.6175193034586477
0.5895663278280059,0.7365196113702599,0.881396897001635,-0.3782127639096787,0.546773277684624,1.0,-0.6689646771063206
-0.11750946171532528,-0.45552820820948786,-0.21567803828822352,-0.5520138333310227,-0.4140770857223104,0.2175838299661379,-0.8863728132751135
-0.10946180054071575,-0.7525611403642963,0.011964246989873528,0.5467413628647675,-0.43034852374344795,-1.0,2.8885375299595504
-0.9320939688778389,-0.8778396163348023,-1.0,-0.2654668411252091,-0.7398036176432979,-0.3330805090985458,-4.019583111704686
0.9277198255068093,0.37406220037363,0.2179084589404674,0.4212451440317715,1.0,0.7059200194277637,-1.8265836753595508
0.9516264290179051,0.3143054456891655,0.34796359790795695,1.0,0.06801642471556485,-0.7026411969024556,2.9517598243161105
0.5594402661805402,0.19428393556465529,1.0,0.4685696693954391,-0.6552086085906985,0.6390710247579694,0.31848479957427944
-0.019054601882557975,-1.0,0.6038246694636968,-1.0,-0.24848971000277892,-0.7649974792392938,6.65559256893318
-0.5580767670177132,0.8363359892401447,-0.43554022631865597,-1.0,0.5361172895970974,0.027866638571478336,1.624639706117042
-0.9653668396611128,-0.7803860166820014,-1.0,-0.6806932905319809,-1.0,-0.014618486824348631,-2.7290485737791115
1.0,1.0,0.15219055863373754,0.5617680415797783,1.0,0.25924538337284797,-1.8145694434095336
-0.1350587938754596,-0.9713879307348501,-0.9140912357487276,-1.0,0.12572856732406001,-0.4308931941792353,-2.39120238434812
-0.0013131985651154698,0.7427242641580308,0.44813742057480543,0.6985031842977749,1.0,1.0,2.543684692046741
-0.18170077519080285,-0.7923261648875346,-0.5082660931092846,-1.0,1.0,1.0,2.2628214285490373
-0.5229791238481922,-0.9811337388934043,-0.8521962377104513,-1.0,1.0,-0.11634990513379584,-2.8516557662854622
-0.15514819653584722,-1.0,-1.0,-1.0,-0.5271313012506363,0.9507111277793419,2.0885975535753425
-1.0,-0.5614226090150948,-0.6055372428004454,-0.5379853951498863,0.19305620538137735,-0.15592747645685495,-0.7098037246719937
-0.018990073323859935,-1.0,-0.9352090841257583,0.6042275813513636,-0.7925554474816265,-0.1708599761158741,-2.3766223798379023
-1.0,-0.4318513671469504,-1.0,-1.0,0.16526247542955752,0.4320936450280783,-1.3688422390858785
-1.0,-1.0,-1.0,-0.15701321920584044,0.6242766027374689,1.0,3.1164747378765703
-0.3285416124731988,-0.7429526668891768,-1.0,-0.45633411707189,0.3063828209987237,-0.44770911222365173,-0.6573208237946517
0.09145608989116594,0.05897172952401758,-0.7434959073293437,-0.018032224858993362,0.33653340176859625,-1.0,2.9732347299057773
1.0,1.0,1.0,0.3477560232510426,-0.08243957573538041,1.0,-3.2408354779129667
1.0,0.9723808009653734,0.40410492024138567,1.0,1.0,-0.13889222769870546,-3.865378889939035
0.8817960460393277,-0.014373760276188745,1.0,1.0,-0.12445153472039072,-1.0,3.0342897924011556
0.007160257209704507,-1.0,-0.4020128786359034,-1.0,-0.4879023897850101,-0.10434335646454618,0.3188531626320966
-0.5589224746284319,-1.0,-0.3882273173273254,-1.0,-0.12928654512845061,1.0,-1.9863026993584327
1.0,0.0558984644532865,0.8460154494689098,0.507646404232563,0.933610675357921,1.0,-4.616418514087156
0.7965173931450726,0.9754031976034565,0.3898870877174354,0.1993733553530599,0.03549355476840714,1.0,1.3924471439106423
1.0,1.0,-0.03112742104145577,1.0,0.38781137122091025,-0.2804683178155284,-0.07521855063012389
0.0826030650078794,0.8359800499470338,-0.31426790410955496,0.3591806721137444,0.5802284014525512,1.0,5.26654252626702
-0.5800377676186994,-0.08690323990671328,0.7759667091403115,1.0,0.43763826741452583,-0.6825285416069607,0.16635955330544938
-0.1923729500781265,1.0,-0.4654446145174238,0.8395755765222233,-0.03982039499758394,-0.7681657177043967,1.8343795706902835
-1.0,1.0,1.0,0.12386856529261214,-1.0,-0.05734052100372233,-5.408721894863698
0.18866382073597143,-0.9418036070239714,-0.3463058880134855,0.7884782517531193,0.33996372316535894,0.5053346204474978,-0.5877884970895367
-1.0,-0.7504509725678028,-1.0,0.7990241256965924,0.9285222879918783,0.7119138326713205,0.809427057910878
-0.40462414604148383,0.6386615042710471,0.6071505736091787,-0.2476658562559656,1.0,-0.6545599733384232,1.484543867176749
0.3544807756220029,-1.0,-0.524401568887503,0.1874772313461942,0.06925553929217798,-1.0,1.8688876915456374
1.0,1.0,1.0,0.8941627912835703,1.0,0.9319299769169284,-10.253943676545704
1.0,0.9812594071819121,0.6632742579656066,1.0,0.5629241169035466,0.3419073180144122,-4.278661111231581
0.07591751721950069,1.0,-0.5170332188670032,0.839988799273785,1.0,1.0,5.952446367726081
0.36783031881519784,-0.39864189168113273,-0.8595495104045211,-1.0,-0.18895009546902725,0.7759187890382753,0.7464548968129286
-0.4610982913650319,-0.5049522540451286,0.6930979771044212,-0.3516505944613577,0.6192373478107855,1.0,-0.2970239527313585
-0.06830541612920193,-1.0,-1.0,-0.095501564653663,0.13305634201718286,0.6817901666791114,0.07920275755590472
0.7724257340655762,0.04317827026031473,1.0,1.0,-0.28426203176253473,-0.9819477550598785,3.0066390067691255
0.1555114331722831,-0.8895709641345182,0.34767602265657194,-0.9890395646173333,-0.05087227743536915,-1.0,7.304242302540401
0.5837273614836094,-0.3250662346156008,0.1631780942072532,-0.448319429466659,0.3360414754416512,-1.0,3.8127573324423847
1.0,1.0,-0.11291380567294224,1.0,0.19925134521894328,1.0,3.124599439193865
1.0,0.27417983398918744,0.46603023730974513,0.6657457277604037,-0.592923481266249,0.7785443394587748,2.1234431994782015
0.5180343704907943,-0.7966570708783218,0.4698458883973131,-0.31890879188266597,-1.0,-0.12541645926041056,4.544184093033237
0.5388782502446738,1.0,1.0,1.0,1.0,0.27540787261794675,-7.486595880016399
1.0,0.7835441820040525,1.0,1.0,0.19587377666740902,1.0,-5.666739850862161
0.4411751777336155,-0.18525561227257664,0.23472225360956275,0.5529107357749877,0.714939102027583,0.9094249018663858,1.3027007096788061
-1.0,0.30763993181064264,-0.04674434396942351,-0.8370408052056646,-0.8665235360972223,-1.0,-1.4524831688664073
0.34079034390195284,1.0,0.8282474442349204,1.0,1.0,-0.07614969667515381,-5.17419050063717
-1.0,0.2019236687478791,-0.5121256512653471,-1.0,-1.0,-0.15096865441010254,0.5819381581577991
1.0,0.4771733263871991,0.20494647564721946,0.22902462926562853,-0.9814151757158458,-0.2988038285223811,3.7499070171674176
0.15473888422576754,1.0,0.7299917268153655,1.0,-0.021125202564232337,-0.8500573588131004,0.14621261891727572
1.0,1.0,0.8609122398833302,0.718868720914555,0.722044497904071,-0.10689084414830186,-4.885441955810365
-0.4054064087903499,0.05236241316632062,-0.1540349445504463,-1.0,-0.1407958610166844,0.24936638335716765,0.742887547660287
0.4606747923274633,-1.0,0.027569491493818266,-1.0,-0.8392010578664194,-0.04635239869589933,5.7429857416392265
-0.6680394863817958,0.8359300594891717,0.7971423560956759,-0.061997438953341644,-1.0,-0.2500353537618768,-2.664231783947997
1.0,0.9478143705637847,0.6253963019597416,-0.7179776557613816,0.7602808180333367,-0.4869432590679163,-2.9123200425728424
-0.005239842859500077,-0.8292529694606412,-0.04480471262139074,-0.6941915858027691,1.0,0.7827045565946766,-0.034146637918110345
0.45037128416912386,0.07554839193130591,1.0,0.682467573825352,-0.3850701481795612,-1.0,2.372850556580718
-1.0,-0.9325242057329968,1.0,0.6398547132035792,1.0,0.549600647035947,-0.39415769896019265
0.30247837475922335,-1.0,-1.0,0.2026614009397088,0.23640502245258377,0.6462199427574782,-0.05921904188089916
-0.4703149883934634,-0.22780025674550886,-1.0,-0.5676883212264873,0.5740634719769117,-0.9020804863507238,4.326671136645099
-0.1309708529693832,-0.6631222012420832,-0.9048832309674413,0.11955887297519668,-0.1570928855421071,-0.14135209166330065,-0.8694090856067416
-0.6833005099269953,1.0,1.0,0.8748569587083688,1.0,0.2689843763181192,-7.475808780013065
-0.8342886045917643,0.09772614887935904,-0.6803836527198033,0.4059991836004402,0.23727515135576877,0.47969862535493196,2.831257403435626
-1.0,-1.3755829888474624e-05,0.9255110744860777,-0.3046791149144058,-0.423439266204614,-0.41691616652684843,-0.7494848516987357
0.4254172440429672,-0.4010512877102975,0.2828533618496536,0.4916213286272386,-0.02853844680153772,-1.0,3.7261189102099515
-0.637121074949016,1.0,0.4219671239613999,-1.0,-0.7047088167007951,-1.0,-2.2834992018801157
0.7848935521577967,0.260024413010654,1.0,0.8189399020888388,-0.1416027968924406,1.0,-2.038885526854899
-0.09037377309053973,0.18167067420734356,-0.9728510100485883,0.2213141867046736,-0.8190250678167763,-0.4126377886465765,-0.7621602250399462
-1.0,-1.0,0.11956110280922938,-0.9201238441719322,1.0,0.7387207022321064,0.9149304245947159
0.3338697046345526,-0.036443148192003866,-0.6665492258471599,0.3662403767108797,-1.0,-0.4044494660049356,1.4138568158268452
1.0,0.6664769344736508,-0.03512645415200786,0.25457032633474463,-1.0,0.6207087434755938,4.267469180729197
0.4534626054970974,0.63447231998614,0.802050252618994,1.0,0.059621557611909376,-0.42682001088661814,-0.5714516053749528
-0.40505754734255917,-1.0,-0.054947787857379304,-0.25113710281303425,-0.09647825554062683,0.6786905899263362,-1.2686191419705777
1.0,0.25491702554420415,0.2819507430126289,0.27106424392038847,1.0,0.030422060434647014,-2.8608660784104756
-0.9831966194608226,-0.00580112844725772,-0.28146546496587466,1.0,0.45521970378064736,-0.02778575414425888,0.9753914735763987
0.3197692885901118,1.0,1.0,0.6035102014110411,-0.12296583542946032,0.37958287281114345,-3.0221514566778795
0.31850462567904814,1.0,0.6853559973453234,-0.5935601327804163,0.309973139919415,1.0,0.7741862407755895
-1.0,-0.019250887979170628,-0.9245764927638227,-1.0,0.34554231818250625,1.0,6.352251129641846
-0.41767537986925757,-0.3432093165858362,-1.0,-0.8318582082210445,0.8018543466358306,-0.20888799239062128,-1.0439364906432644
-1.0,-1.0,-1.0,-0.15068247078309716,0.16253177365656385,-0.08858781615121816,-5.143204609226363
1.0,-0.03914248740632542,0.050780188682245375,1.0,-0.7478372863547269,0.4039863438872424,3.5075806249426527
0.19281221527307363,1.0,-0.1862597572285568,0.29405508187029095,-1.0,0.6512807925523252,4.009089849970485
0.6921362153112414,0.4711140211484407,0.5754781045051403,0.6655954906498427,-0.8197135972806854,0.5147482497961018,1.9448312352008377
-0.5141365862976749,-0.9996350555339573,0.0072961736673751165,-1.0,-0.4201174268038617,-1.0,6.214613021137401
0.6898330760368678,-0.6177895680634969,-1.0,1.0,1.0,1.0,2.5269940287944332
-0.8902350769668836,-1.0,-0.9199625567033605,-1.0,-0.49196080956966076,-0.18435860645316943,-2.9619685675303304
-0.8071228760130673,-0.24763808918326527,0.7940876800470458,0.20925378926959487,-1.0,-1.0,-0.21771999132987918
-1.0,0.30666388187057914,-1.0,-0.6070791934714445,1.0,-0.04592754930290732,-0.7433106420581812
-0.5798585720179543,0.226037572647375,-0.9924479645907556,0.41626195146022804,-0.11045918928013948,1.0,7.202584391454136
-1.0,-0.48330317434979486,0.3452396661812649,-1.0,-0.6930981236599583,-0.26515732730153985,0.3998576727762275
0.46064838387504975,0.7581697634270813,0.7164709193141662,0.290339828615091,1.0,1.0,-0.33050217043166563
-0.49011701007301206,1.0,0.92996195263562,-0.1713443258587617,0.3358515826172152,0.01729856525240081,-2.6444059435139966
0.19309876816162372,0.06205586494379761,-0.1256741885605257,0.11934715866035672,-0.5160474203549104,0.4185626176900649,1.0942640272944324
1.0,-0.56185622078919,0.03396468283178877,1.0,-0.5402671679701939,0.3486238803219406,2.670745383667435
-0.515769037048018,-0.00995300274103153,-0.4832679285448378,0.0017753357465807307,0.9022975053692267,-1.0,2.771719180267257
0.06872717659158423,0.7786105970693624,0.6618821051340829,1.0,0.33570965348840187,0.27239587036326474,-3.356628257984146
-0.046473400493547756,-1.0,-0.8545750672200652,-1.0,-0.03727889526051373,0.5022272934508348,-3.6994418786301866
0.9937768161023176,1.0,1.0,1.0,-1.0,-1.0,8.645429653062454
-0.6041033864481872,0.7629236162067765,-0.3088034088344441,0.01984276919547306,0.9785436020911982,1.0,8.193238338308435
-0.4675245137781978,-0.6559959763739951,0.13011600159585562,-0.8084636087363247,0.9945529204253694,1.0,3.669871028139748
1.0,0.6109639005699969,1.0,1.0,0.830326468201696,0.6169180096057787,-6.9817831310438265
-0.8182073145910067,-0.9519524189138353,-0.4049616840333443,-1.0,0.6905552813097225,0.29269860159094896,-0.8549797180074349
-1.0,-0.31945563062774746,0.4701212038428521,0.4244801438537771,-1.0,-0.17069354501512543,-2.1869224740541826
-1.0,-1.0,-0.6515064277931378,-1.0,-1.0,-1.0,3.6273660277091286
1.0,-0.13487918626771134,1.0,0.8749641574901621,1.0,1.0,-6.356793646762144
-0.6048124789751392,-0.7199642647821712,0.14962408371239155,-0.8078040410711946,1.0,1.0,2.415087251959748
0.48633084398644266,1.0,0.030218937434953186,1.0,0.20640942877135843,0.03503758255533912,-0.4536011981353128
0.8961779815906797,-0.08923401694747896,0.360696821974395,-0.5674950252653708,0.4624551336995437,0.9783840745441839,-0.11525059468855803
-0.05986427657114518,-1.0,-0.2287704026140595,-0.6375785696669576,-0.4010755116363823,1.0,1.736865824641471
-0.26773420350062005,-0.4305411753161491,-0.6580107820341168,1.0,-1.0,-0.03599911971308822,-1.2536483634563882
-0.6975365773505087,-0.3998821101491798,0.6440594662166821,1.0,0.8751595757872455,0.24931046150568853,1.6466944309435854
-1.0,-0.6379857142154837,-1.0,-0.9597379697157118,0.06589510088275718,0.5816717232985488,-1.8594785172516786
-0.3105142101813013,0.25507048363742385,-0.640209570296702,-0.5965900657934456,1.0,0.2895871325896361,1.1548273659836399
-0.44479103242692214,1.0,1.0,-0.6384032572927298,1.0,-1.0,-1.2735674894908617
-0.16470445665776717,0.9271328640027388,0.06397801645344847,-0.600205862523529,-0.53452064769747,0.1988261853890877,0.7031594061660331
-0.3475818958526928,-1.0,-1.0,1.0,-0.4055650702668011,-0.0053201899585879064,-5.334667107070819
-0.12581690036988924,-0.6981700658927728,-1.0,-1.0,0.43458522166479974,-0.8418776138714534,0.8931384450799154
0.10455227179153337,0.046240142353351,0.9812434057870851,0.07780638581664712,0.0722423016485183,1.0,-0.5197779472364311
1.0,0.5666009323662824,0.007277776544381109,0.10928297082648841,0.8287467837618586,0.1062126538609246,-1.3690598440711401
-1.0,-1.0,-0.443425558916504,-0.5695329235053994,0.02406455830421539,-0.3994700472213481,-0.9038183845203277
-0.6818170509210524,0.49551991840193094,-0.4144300093117692,0.1357823257728348,-1.0,-1.0,-0.8083330920149183
0.7328087485245242,-0.058367474666992825,0.9552063769868366,0.5545342464163145,-0.5815890120390497,-0.5133441094604965,3.6609331168053973
-1.0,-1.0,-0.9628527988305903,-1.0,-0.757928449439345,0.12558668693927483,-5.458827307834088
-0.14650237497540974,0.8464692415314262,-0.9772050287912539,-0.004878780409524552,-0.7926505801114068,0.4548890262404027,2.479839748978383
1.0,0.3421608342003471,0.10885542625995936,0.7388317498644632,0.3327325985408618,1.0,0.055084029275093815
1.0,1.0,-0.0740807128227568,-0.5435041233018918,0.6924640425289215,0.14480168696677342,-0.6906631970835169
-0.010355361345462777,-1.0,-1.0,-0.003003447653147126,-0.1219796205989778,-0.27653353873543307,-1.7735916585829845
-0.8637945001302845,-1.0,0.07295090456062903,-0.6762209547272848,0.3486342773410043,1.0,0.08752931988397439
1.0,1.0,0.36734354620834986,0.3329204564777323,1.0,0.9117086854454013,-1.3567768130843312
-0.6823174092324394,-0.44003443854614144,-0.744319354630439,-1.0,1.0,0.2906838193062713,1.2936447690535846
0.6540018859466701,-0.8925482410084336,-1.0,0.6805269141513093,1.0,0.5287124126689076,-3.2189442217514324
0.751394948961372,0.17127541312602135,0.39149649024947253,1.0,-0.39117068388192977,-0.6687830125849181,3.1275013508542253
1.0,0.901115976882428,-0.01548325140141757,-0.2986552986015043,-1.0,-1.0,6.566995892575783
-0.9434626795637016,-0.7451641875251891,-0.955753991039124,-0.955867636594691,-0.21898168678206997,-0.4190987849243206,-1.5110765841688212
-0.9389776456347454,-0.6795844686047934,-0.0020519128288589705,-1.0,-0.5618287338701238,0.29962969512607973,-1.5394766788016254
-0.37077067243302864,1.0,0.6888170310574254,-0.060547117898095665,-0.9698579218316926,-1.0,-1.9103054350559587
0.3022358453315097,0.6728953658012995,0.5453196049918552,1.0,-0.3188975826741517,1.0,0.23941315174884992
-1.0,-0.22919154513305484,-1.0,-1.0,0.5811608992671613,0.4018969741876217,-1.0598528654522428
1.0,0.042559364647348885,-0.8756838732051055,0.05543706214059983,-0.4803649213599406,-0.6398428709548099,2.269401249328747
1.0,1.0,-0.4744013034976667,1.0,0.9775726159174791,1.0,0.3655676010478084
0.3941606231381037,0.3308690430565111,-0.2730527249252693,-0.4207481180905264,0.3645913380928081,-1.0,2.1501732591542417
-0.8906214878880514,-1.0,0.22151327701985113,0.02479145301400587,0.8769085627511326,0.3827504572025795,1.6946349539796817
0.2772540480589985,0.9359279899921051,0.74336718231599,0.36212163603583725,0.5882032909829596,-0.7985910884722247,-0.8961940108801099
1.0,0.8013020009894649,0.31839028107347356,1.0,-0.9413446193341426,-0.2321360920035041,4.545233954647437
0.7781853179608653,0.4468683954813235,1.0,0.8681733185121747,-0.246507178384905,-1.0,3.500268203648272
-0.0015774388370417558,-0.10569700526898673,0.49782438925757666,1.0,0.9989084724405002,0.5306367155627958,0.34999061899257644
1.0,1.0,0.23015074403013058,0.46570816324903486,0.7061370709010039,1.0,-0.2878013969395384
-0.2948997152218064,0.07000363314986763,0.22934723221580133,1.0,0.9831651410675672,0.18900273491646563,1.269811082576171
0.14148558457040927,0.014822254709516147,-0.023804985654859334,-0.3312861940210971,0.027945520150583825,0.27382085915392085,-0.16066947185898453
0.6530349491479353,0.5472200485279474,0.5225708545175132,1.0,-0.0048952946772820305,1.0,0.5528253319529182
1.0,0.31801859610526284,1.0,0.9354823394801719,-0.19899807379722578,-0.8899536110118976,3.393342614174706
-1.0,-1.0,-1.0,-0.382365075395682,-0.4117851862191051,1.0,1.149994246600055
0.3716435426613882,-1.0,-0.3167265994809767,-0.6309090182776793,-0.356665170076894,1.0,1.0544269791606031
-0.6604204687557114,1.0,0.41450751326670565,0.2856129331582344,1.0,1.0,4.622988307581457
0.4283676282843778,-0.22071612179967381,-1.0,-1.0,0.20769436827594967,0.013406535613575299,-2.1956299372200623
0.3205573877660046,1.0,1.0,1.0,-0.22343595833437452,1.0,-4.894896291451611
1.0,0.10539243288042299,0.5441368943809473,0.3916299085699766,-0.8804319094088259,0.013895754656732151,3.160824778670168
0.7217680041427912,1.0,0.21147508671452253,0.37798982038477535,0.08478670269144611,0.0913534352919443,-1.0868647780027914
-1.0,-1.0,0.3495061670170546,0.8012923599348138,-0.6542196646380993,-0.5387447433227102,-0.19359951846227808
-0.2351419979422127,-0.22999197149905615,-1.0,-1.0,-1.0,-0.2856320452262868,-0.7207075685908972
-1.0,-0.06466137930125043,-0.8018939281339887,-0.9729121549015065,-1.0,-1.0,2.0590105190443797
1.0,0.3915258158638022,0.226257456047255,0.3676962855887871,-0.30973890860705855,-1.0,6.2046109149969295
-1.0,-0.9487785715876315,0.7097608710555519,-0.006903918698635714,-1.0,-1.0,2.4027341388710015
-1.0,-0.5914427237217741,-1.0,0.09588608863277337,0.5340936712602098,-0.5720478518002365,0.9406066549197087
-1.0,-0.08580711181936929,-1.0,-1.0,0.14533746477991094,-0.4917726769554964,-0.4888611954449631
-0.8659405815090809,-0.6727233980569971,1.0,1.0,1.0,-0.28385706685404133,0.17154348512694717
-1.0,-0.12206641596540624,-0.12433242768615516,0.3778167873903997,-0.2642638918734174,-0.3344588999616493,-0.5611990108334433
1.0,1.0,0.994403739887127,1.0,1.0,-0.5212881493341636,-6.75683433726783
-1.0,-0.7713234633985573,-0.009480721449320773,-1.0,-0.21799167968514177,-0.16111892749620793,0.046567488718266825
-1.0,-0.37993827218735327,1.0,-1.0,-1.0,0.8266294883599756,-5.4412304521648425
-0.5972684447932376,0.023636884222341947,1.0,-0.44442594218022813,-0.15668508866114494,1.0,-2.0590118837145086
1.0,-0.0046719277015879156,-1.0,-0.4707028230273791,-0.9636656321045162,-1.0,5.85513105121129
-1.0,-0.12323535310991218,-1.0,-1.0,0.7924587247957791,0.14383286784684535,-1.2978393806137642
-0.7484034661537207,0.611229777438646,0.37278218716864964,0.22335637076715814,-0.63066141920927,0.19806906194446122,-1.3876421484272174
0.1853116672442681,-0.6345999564337504,1.0,1.0,0.2924071500162255,0.5060579610584739,-0.5325157432917967
-1.0,-0.05006629943300123,-1.0,-0.5731120256899374,1.0,-0.12463030113800892,0.15890804019514349
1.0,1.0,1.0,0.7818194671686294,-1.0,-0.042154637043079424,3.2109196112965055
1.0,0.3401925773963712,-0.5735384158248311,0.40813882329200146,-0.4510681497939799,-0.9018557107966543,3.5733730144579967
-0.5790601751222012,-0.14118260625729695,-0.8230840578670982,-0.9621005309851745,-0.015826506484436842,-0.22286017363597488,-1.0714374737660854
-0.3027281537142058,-0.46410090845455204,-0.1682460133699987,0.2510079301073632,-0.1246240223752264,0.5066222744081117,-0.24093584796871997
-1.0,-1.0,-1.0,-1.0,0.5837505114768397,0.0927981713733213,-8.138549436729697
-1.0,-1.0,-0.125411998344494,-0.19491960632672947,-1.0,-0.6508156433919219,-0.14195169588807593
-0.47352924429755316,-0.9341338636325269,-1.0,-0.023815020087126965,-0.2125863770077714,-0.10237000194335244,-2.8181971708416547
0.32583470818331556,-0.010973687256448206,0.26836344986549987,0.5040136766955944,0.7714487983661487,1.0,2.0278580578675625
-1.0,-0.9877276991680459,-0.38728754965898693,-0.12232546284140977,-1.0,-1.0,0.6141163799373042
0.7830956692456598,-1.0,1.0,0.44823168629543003,-0.8050074434153869,-0.2053631633653632,6.907831560365055
1.0,0.4891468880667946,1.0,1.0,0.2602404489385165,-0.5521143919869256,-0.39506783624351033
1.0,-0.16609585017951173,1.0,0.014712521368198256,0.20626302669686553,-0.3727350383446656,1.0867873941646566
0.6384863929009508,0.9874777208824317,0.2657602280752905,0.2644755377113157,1.0,0.9119182894142661,1.6140901178633367
-0.21497672248446986,0.20568229227781526,-1.0,1.0,0.517050127908159,0.35415407614114824,-0.08831118039382627
-0.019442788710764436,-1.0,-0.7877608997009702,-0.731762535117783,0.06360295411302586,0.376620544770484,-2.182768702881862
0.05851021818913549,0.5350677252158591,0.28893281858126785,1.0,-1.0,0.6609505662883283,1.1404798465918673
0.7047561129259717,-0.5058866789385985,0.42286735334212994,0.571541740797982,0.04804003769476228,0.5288344815573061,-0.004474218764836058
-0.7125125582970254,-0.07310204011611693,-0.7224613252736063,0.5381242960374725,-0.06271326039240632,-0.6594863110226503,0.699533033351496
-0.46559940431618485,-1.0,-0.07492441630134905,-0.6460106281701312,-0.4167318087595819,0.2654810829764176,-0.37054941974366506
1.0,0.43250341558014593,0.7011468672707053,0.06561188414071539,-0.4739025075021661,-1.0,5.75638153922044
-0.41686940876245804,1.0,0.5107838268167034,-0.36526907114018947,-0.13802682902016042,0.49107721360404655,-0.8192341812476595
-0.10939564583418926,0.8826830279007987,0.07952692697756485,0.2538107680702418,-1.0,-1.0,0.9497268646903987
-0.7654191062881192,-1.0,-0.019652393071303287,-1.0,-0.031859176511137455,-0.7202612139072865,3.2321892162138455
0.21729760883989258,0.1401826634684169,0.016954228793006898,1.0,-0.2679498341686519,0.8742534106083053,2.569208866927112
0.8727552237185101,0.5318116739607452,1.0,0.21200705476923398,0.7231978786790104,0.11407225216268979,-2.0172658277269284
1.0,0.07462059685599282,0.0024659740485017956,0.9036683633688158,-0.6861226599720031,-1.0,8.440494031119998
-1.0,-0.2682442537773071,-1.0,-0.9216233527251649,-0.8418524045872093,-0.6482379405021097,0.41887254406395735
1.0,0.36224880895165834,-0.4799679033348986,0.4429508464653541,-0.6846296578546782,-0.9379720713551418,4.948345261846969
-0.3795971620280314,-1.0,-0.8029892469822457,-1.0,-0.016032420839431794,-0.5673880923850219,-1.164677301166544
0.04142697913075333,-1.0,1.0,0.9523878497264741,1.0,0.9770328870497955,0.8872148306505053
1.0,1.0,0.2375202423968341,1.0,-0.14524028904483108,-1.0,7.9063208796727835
-0.2065169555751909,0.4445256769254279,-0.5193618201021115,-1.0,1.0,0.5196422584685532,4.473698610410423
-1.0,-1.0,0.029133519297573192,0.6275638062367965,-1.0,-1.0,-0.6388216328677188
0.39275744564858245,-0.3270629568960395,-1.0,-1.0,1.0,0.7280939884754467,0.1345478116510457
-0.2613600690057749,0.6327879783631543,1.0,0.6585424130503861,0.255731189204626,0.6123443628959605,-2.946557844970494
0.2730790400032854,0.4308629935237732,0.7230160357912246,0.48837806867169165,-0.9745822339455976,-1.0,3.224945907704872
-0.2491301199283098,0.5876607481793134,1.0,1.0,0.0521732785539315,-0.9142689513774541,0.5387250912233733
-0.5347944068614139,-0.44645386007017906,-0.7185452379414276,-0.48617746187584765,0.5137876628136926,0.5076006517001426,0.45881980497725283
0.5514341929093545,-0.18873711949396282,1.0,0.37601791344916013,0.4653952750698646,-0.9873050427080328,1.2690565087660297
0.866694046505696,1.0,0.5902299974623781,-0.1024495142493553,-1.0,-1.0,4.116542051231955
1.0,1.0,0.13993069888617993,0.47409013158770974,-1.0,-0.5915415245803983,4.710147695992824
-1.0,0.45239226931509813,0.18801230639957395,1.0,0.2816923434676551,-0.28034919280829884,1.941439259014612
-0.5292366585467885,-0.7973710132476811,-1.0,-1.0,0.9430565838200878,-0.6818671134263179,-0.6577051121155266
0.8611097720500881,-0.25668237737795563,0.6875083680402998,1.0,0.580052915616001,0.9413213421948885,-0.277723815880482
0.23624093854259842,-0.44987557068974426,-0.9938944241698928,0.0462113314523559,-0.5333251448199686,-0.7410530863795294,0.046525178100681686
0.3578471265596431,-1.0,-1.0,0.46207221199923504,-1.0,-1.0,1.3513129264377837
-1.0,-0.7708806933810809,0.23184468749314158,-0.14972901166409303,0.6039388990197719,0.33521604175542397,0.6611932179238612
0.1666497832120385,-0.9206172196688458,-0.18472052174740927,-0.6992895803967873,0.5535917707111306,-1.0,4.19697248863252
1.0,-0.4075124711853311,-0.8736685999607825,0.661387885983099,0.7020067942058542,0.5793152218581323,-2.1428144014336237
0.14010939636336706,0.6533104052578005,1.0,1.0,1.0,1.0,-3.4428986824128636
-0.08684959723167571,-1.0,0.6630290102632237,-0.7194530891597759,-0.9220900460501376,-0.6222883387311506,6.860320439716893
0.2751439745662504,-0.1786670949285465,0.9942371234252129,-0.3756666593686657,0.8005886649754241,0.1098589273116597,-0.2788930413152464
0.4958373966293279,-0.423269106583392,0.035272602564188515,1.0,-0.5406418040604971,-0.3273355198168846,1.8356790684719062
-0.45817198940528053,1.0,0.6066169006506262,-0.4030154329444462,0.18380428892657272,-1.0,-0.6554972670313993
0.32155478923702563,-0.25752726819147337,0.01113241819515709,0.5564352441928766,-0.7350286148203875,-1.0,4.400375418602922
1.0,1.0,1.0,0.5294176861466127,0.21203800621904612,1.0,-4.373585732864197
-0.22886809908394784,1.0,0.9894338790476185,0.8274027230949772,1.0,1.0,-4.466630601722246
1.0,0.4439046858964868,1.0,0.7387876512553186,0.40012178991531155,0.7315600645471856,-3.7898281105494216
-1.0,-0.7108377317842776,-1.0,-0.8933753662168142,-1.0,-0.048557465957392465,-2.3965350007952178
1.0,1.0,0.19982665156325424,0.6823073954277109,-1.0,-1.0,8.894400161016323
-0.2993378711446705,-0.7480948512964851,-1.0,-0.17236884689993004,-0.6313735362466286,-1.0,2.666497931090774
1.0,0.9747735920094871,0.539343897450109,0.47710712726858184,0.1893010532598034,0.7511220795008084,-0.2888619689143992
0.9605900686603732,-0.01650873030749167,1.0,0.7787974894065408,1.0,1.0,-6.0798265235686175
-0.549051136253313,1.0,-0.0017440840241810251,0.27824975294112086,1.0,0.48165354904187097,3.6310064303455896
-1.0,-1.0,-0.20250299018726625,-1.0,-0.18206466256353226,0.4562963621102292,-4.128546930420326
0.14767199710068957,1.0,1.0,1.0,-0.4026631821718465,-1.0,0.3965942551398923
-0.3567820435347675,1.0,-0.33476965650389584,-0.4372483149587362,-0.6056866549343509,-1.0,0.5482305529853462
-0.7448664176004478,-0.6986542774054285,-1.0,-0.6798582445728045,-0.9809835365649233,-1.0,2.2782792993556424
1.0,1.0,0.6073378117017305,0.49023052657770494,-0.03916309305200938,1.0,-1.0825824800668753
1.0,0.5502396574975655,0.8860937948334433,0.4170228557178084,0.6052202324608102,-1.0,0.3135743116391373
0.5412195641490831,0.2164560494629797,-0.0717966217625825,-0.3801402918790253,0.7354615176825653,0.24184627701296776,-0.7060577211869394
-0.58263303252324,1.0,0.19609477745340992,-0.48559820311343455,-0.12053012335363866,0.11885209387907092,-0.6767331761308057
-0.9211389079647747,-0.3192234614059102,-1.0,-1.0,0.1656180583639567,1.0,5.735613315617136
-1.0,-1.0,-1.0,-1.0,-0.20230773167826777,-0.781701321356163,-0.019456454660365163
0.6859047036484796,1.0,-0.5159460602276507,0.651398601447269,-0.9946274725964988,-1.0,7.221413118771166
-1.0,-0.930580355894072,-1.0,-0.8793143670621391,0.25468408252287744,0.240766277062735,-5.498563493626072
1.0,1.0,0.029166444106939027,0.6639555671404316,-0.46019975337387753,0.4310107016242368,2.8174245961931983
-0.23457808451108986,-1.0,-0.018523761846358067,0.26188149090179025,1.0,-1.0,3.672808485256536
-0.18524128508843704,0.4116951877561978,-1.0,0.14215653889150281,0.06371406342777952,0.6947381882022394,4.015577404365084
1.0,0.7792592859570595,0.1457689531141968,0.9445031760254973,0.8837032998985725,0.4290552072244298,-3.1576806464039224
0.1559301186076868,1.0,-0.7681774851756884,-0.7053271862266202,-0.2917462829673352,-1.0,1.4724067466033324
-1.0,-1.0,-0.9631081330264986,-1.0,-1.0,-0.343286834262587,-0.6084839192367251
0.2933874680077774,0.32613474911262835,0.6565607850204237,0.07981122685486974,0.2103403409965267,-0.7875892707989451,2.643738533730976
0.5606545738088691,-0.16441870019663518,0.5450624182157588,0.16850209687781914,0.2694409748681157,-0.6748370562981252,1.4143360182743445
1.0,0.49006124736926127,0.6021357622346073,0.8492601883560161,1.0,0.4890100796042986,-3.4704794625298048
0.03362227769105308,1.0,1.0,0.9173568891285495,-0.17050053607347931,0.8484161466269019,-4.931156649210893
0.5461752014321939,-0.08434280035470176,-0.3271928550605988,1.0,-0.715819235806205,-0.14422939757346864,0.7346552481601779
-0.952147653368131,-0.4531461333235367,0.04509387873730969,-1.0,-1.0,-0.5207499303897822,1.2779345965267626
0.2273649935063203,1.0,0.7941029076779687,-0.7305267982678701,-0.25566610074423557,-0.35659354943226096,-3.0116646547323405
0.5851978242654384,0.03813377855038175,0.23902061520618578,-1.0,0.8488209239895157,-0.8751071574407638,2.282746131127829
0.4976730949522987,-0.70096852791971,-0.6075758286346515,1.0,-1.0,-1.0,4.453352514345924
0.2940373555093697,-0.295203010864484,-0.001861685001222635,-0.7539020574800246,-0.336659915442556,-1.0,4.863700604530808
-0.25842288313844974,-0.40513577313230065,1.0,0.17754402527627994,-0.3983817507871561,-0.17441717300211695,0.9489090958174538
1.0,-0.2862184431998505,-0.6244784341417668,0.052672441352239474,0.006089907895000524,-0.1381043347176506,0.42784711219291305
-1.0,0.6502822155302765,-0.12470467661148077,-0.06054183903693344,-1.0,-1.0,-2.9213157428167467
0.1831704446455205,0.24798858981155802,-0.5961085111188456,-0.19602683207004978,0.6290765408621045,0.20451429346529515,0.4670671439043215
-1.0,-0.8792641677630857,-1.0,-1.0,-1.0,-1.0,5.348039636397548
0.4384866297283827,-0.9408197652302397,0.22824722857920443,1.0,-0.9030657918457259,-0.2856323703584115,5.879810784645367
0.846612887259651,0.3735228758724394,0.4930009410249334,1.0,1.0,0.7518773312015196,-2.223205399564729
-0.6869237587902638,-0.8397873598747967,-0.29219427075394644,-0.05202362997104326,1.0,0.5403140612993675,2.127861910733311
-1.0,-1.0,-1.0,-1.0,-0.901804941928787,-0.5128307732277155,-0.2668725202713237
0.35748388386217916,-1.0,-0.2416303047454653,-1.0,0.5226000816780116,0.6540253075825918,-1.483031769515418
-1.0,-0.33396920310437384,-1.0,-1.0,-0.3996895707179333,-1.0,4.919983843143032
-0.11611141581106149,0.166280908956858,-0.4925368385696449,-1.0,-1.0,-0.594847199929107,0.7735934199826362
-1.0,0.19170284344859284,0.2820555904232871,-0.8928152974123118,0.7870530870304073,-0.561399975313366,4.089392286565867
0.2443257136937688,0.9714013871254591,0.38729645415671665,-0.9833637482762781,-0.14613357518245548,1.0,4.667908797911716
0.12341042535354196,-0.6992970933312999,-0.2908671146904198,-0.2001227068742364,0.1275595045175112,-0.2116784038230995,-0.9695292220994004
0.26275473536254523,0.44812923053899567,1.0,0.66158320199095,0.5823078970203056,-0.568578768796786,-0.8851659208070567
-0.0032901264327154234,-1.0,-0.4879073475054245,-1.0,-0.8530954227186083,1.0,5.302451926199498
0.4372029196704218,-0.2786680909292015,0.45506167612915294,1.0,0.6758738612659085,-0.25852266707009286,-0.4661224843787889
-1.0,0.06511724275047276,-1.0,-0.9772060524587551,-1.0,-0.32980057831700305,-2.194890587092816
-0.06040696036201282,-0.7723355176424607,0.9447417711850499,-0.05048340984768008,-0.005524714695718025,1.0,-0.24423103544372893
-0.9138006555488148,0.5141368717380645,1.0,0.4462525643624098,0.8429312437131068,0.4628904363780024,-1.60728030955684
0.9943267377757288,0.9700591900938956,0.059359061451706725,1.0,-1.0,-1.0,10.886766636680573
0.2141118002029072,-0.03190435209658504,-1.0,-0.17328762967928402,0.29937686786137335,-1.0,2.656314763640217
0.5569308188558196,-0.14679135982485772,1.0,0.2700990861676524,0.23985126818421265,1.0,-2.5852607846371574
-1.0,0.07413013360270415,-1.0,-0.6585311724906426,0.6377940895173877,-0.23803461520063074,-0.4927736698278791
-1.0,-0.23017896623033685,-1.0,-0.7641641867760769,0.9472831591489252,1.0,7.682425733985639
-0.07295614508280124,0.029503344216633864,0.432004391040389,-0.09765006342199772,1.0,-0.24799733676295393,0.10798717091377108
0.5932608141584419,0.6548803320204964,1.0,0.26139809661131275,1.0,0.15707565908174212,-3.846539590535965
-0.0958788977252818,-0.7879167262709416,-0.09236537169703868,-0.005269319086095792,1.0,0.4277048324492401,-0.30239079592019125
-0.6905590090966663,-0.6327365188363158,-0.41071727431778715,-0.651538594217138,-1.0,-1.0,1.6896256212596013
1.0,1.0,0.2918974433465126,0.657268369092314,0.24270188498016243,-0.5905423353497727,0.8156615257970753
0.41544809254506054,-0.45760628936989567,-0.9191159132097622,-0.6475913656478727,-0.8954726804378046,-1.0,4.611951300756385
1.0,0.9472215812716052,-0.014422310513672598,0.7169152209612135,-0.1764736255552118,-0.3823494486333298,1.7861128718005463
-0.7609154360590712,-1.0,0.21213107295295608,0.16381839456096037,-1.0,-0.09185883732903677,-0.9914901641678946
-0.5356359074769201,0.516196891005266,-1.0,-0.9418030890208869,-0.4846809612963364,-1.0,1.3831505085120905
0.6970698874667974,-0.1858382233214999,-0.29242700481916484,-0.5404257495188596,1.0,1.0,0.47825249010808596
0.8868190259070468,1.0,1.0,1.0,-0.9305066028244829,-0.5493270132087662,5.489386416058878
0.862134235167155,0.29483401806500287,0.9469797170719094,0.7871865514993754,1.0,-1.0,-3.6096243102481016
1.0,0.1195247710868128,-0.2159763574432445,-0.6864961904000519,-0.31344140593877623,-1.0,4.68710440459089
0.9173539656744277,0.5485940608584485,-0.38342067272173325,1.0,-0.8653025634856644,0.5620786341825266,3.2200018529035646
1.0,0.8370940342186928,1.0,1.0,-0.32735782704107097,-1.0,5.239256836687489
0.29622600185265024,-0.5914065451476858,-0.39242962112136226,-0.4961313372846189,-0.5848383276686353,-0.26884046874177003,1.0382567696508658
-0.34152612688455436,0.0932758323566863,1.0,1.0,-0.9876939978136612,-1.0,-1.2267792053428177
0.09272373179775917,1.0,0.04487256877952439,1.0,-1.0,-0.24437859600118017,3.5850644434133656
1.0,-0.0852272680048689,1.0,1.0,0.8946549103741037,-0.10074897290047646,-4.053997852992588
-0.3805772488007684,-1.0,-0.3849842386742605,-0.8339657818933666,-0.6289682637671102,-0.4262947944871617,1.0498556507322696
-0.37555654110197867,-1.0,-0.9688129235025598,-0.28717008347956097,-1.0,0.24934163894826644,-3.623629884603185
1.0,0.8099829077591629,0.12408175135002963,1.0,0.9062600729155477,1.0,0.24828706289640212
0.005816858450450532,-0.6021127010668165,1.0,-1.0,-0.3133569699736719,-0.24941749590907242,0.05726729706825451
-1.0,-0.6328766060995713,-1.0,-0.2588001686688388,-0.3681672140742536,1.0,3.6207144754090845
-0.5997180301579574,-0.9741612805312114,-0.16424547775444542,-0.4553257445988115,1.0,0.23143866892811407,0.7511030795230131
-1.0,-0.7418979870774587,-1.0,-1.0,0.26642107796432124,-0.1760620122121339,-3.557703934957444
-1.0,-1.0,-0.23855519631874472,-1.0,-0.5826869340321235,-0.26034906373840316,1.413374841409337
0.3970446976819847,1.0,0.5088643502170795,0.5109417296027211,-0.9222815229208008,-0.5308690126964597,1.670672359355969
0.5916820330137356,1.0,-0.14773806622425828,0.5654378357351819,1.0,1.0,4.145298551261286
0.4571133399603511,0.7409186762957927,0.2863497787624576,1.0,0.5813973206657266,0.9276136152384856,0.9593995457393256
-0.4774083167205322,-1.0,1.0,1.0,-0.9335357989357009,-1.0,0.7910365956436755
-0.3906161415591657,-0.18951023994751104,0.5293974025458191,-1.0,0.29035125221328184,0.5191333495389269,-0.41183705583680924
0.6114500486695539,-0.40863337845933,-0.47823323341903023,-0.41593782846848754,-0.9750048785756118,-0.29033937845025104,2.5897188794146864
-1.0,-0.774943006612939,-1.0,-1.0,-0.36918681112854124,-1.0,3.6372263401766993
0.34985316630090346,0.7255741302897659,0.2446096955412429,0.3944808623993308,-0.7364840590124363,0.28135223273290466,0.6627268957148307
-1.0,-0.5721501051695095,-1.0,-0.39113464011108046,0.5779289831418046,-1.0,5.60228637579123
-0.18059685337851472,-1.0,-1.0,-1.0,-0.37498363479499075,-0.7699064822664838,1.4483564759999235
-0.770978169869085,0.8023701599434958,0.4525288088345903,0.34216585000401334,0.5749871422507702,1.0,2.774008185203514
1.0,0.7705092074587119,1.0,1.0,-0.7185314281948458,0.25460752799696046,2.484345513180219
1.0,0.5020977918003457,-0.9256274250666419,-0.4840468096255931,0.22563000129406974,-0.08854839666964587,-0.970629612816704
-1.0,-0.9609330228025943,-0.49660127461517156,-0.8642159279508117,-0.7268399201437408,-1.0,3.113215584210485
-1.0,-0.9840450250630298,-0.12423704170962657,-1.0,-0.5534221701902179,-1.0,4.151441266337311
-1.0,0.24648176968066254,0.5689953353507744,0.40391087920132707,-1.0,-0.251752828101411,-2.94436054610191
-1.0,-1.0,0.2371103953457756,-0.4894445398560489,-0.37674981570209637,0.2638362820256266,-1.4375007270254276
-1.0,-0.30434135162672327,-1.0,-1.0,-0.8006145215064208,-0.3406747393167513,-1.0078524270935327
-1.0,0.0786653898675102,-0.161558943981585,-0.8878256528604729,-0.09284097891367238,-1.0,1.9845262700971213
0.8014203184815551,-0.07830047040417898,-0.8841534382845708,0.5913793808185884,-1.0,-0.6349309579906125,3.164247130165587
-1.0,-0.3065042943073142,-1.0,-1.0,-1.0,-1.0,2.225117367901639
0.009744598315626685,0.9662665608769575,1.0,0.39438763804463317,0.5342445534877174,0.32525142292608566,-3.060345928137514
-0.042945299436700335,-1.0,-1.0,-0.052630017397701456,-1.0,-1.0,0.4764063124111435
-0.9109491145218209,-1.0,-1.0,-1.0,0.12685537666342728,0.027618836302188643,-6.815150527078969
-0.21968040880288198,-0.5874870267648116,-0.028410657518983307,1.0,-1.0,-1.0,3.3565742209684424
-1.0,-0.007956352180120807,0.2645506050074017,-0.4104469212817969,-1.0,-0.8611904651075788,-1.7506266285611345
-0.8750891759035389,-0.40316117686345343,-0.12824658434328384,1.0,1.0,0.8772580914851174,5.699084804365509
-0.277693880476934,-0.5134662656212624,1.0,1.0,-0.0039656886559460425,-0.7872728277740751,1.377841162590264
1.0,1.0,0.9896126504891842,-0.4773592728247766,-0.8741883521006647,-0.6638667435573675,2.8432767380009327
-0.961959013540955,1.0,0.5485294934016498,0.24180477040773973,0.6238616609518217,0.28521172090715885,-1.1478932821323755
-0.30065625895124726,0.48695656815564164,-0.9241674701725477,-1.0,0.45705527735401097,0.3637853563246047,1.764587482415825
0.6388878861552757,0.2802579200345202,0.17681937193755404,0.718366660724291,-0.2817990217551483,0.2696407171047048,0.23277505701404733
1.0,0.5056960891109501,0.688072578324467,-0.06961358154340322,-1.0,-0.6714817027343609,5.101300448025687
-1.0,-0.3584209736777948,-0.9005225661887417,-0.16893882771732227,0.16479456312247784,-0.3591899011930836,0.8680800703497699
-0.7904031692771694,-0.0241893057456124,-0.8102481048165338,0.4043329148639451,-0.604851441863208,0.19562169429144416,-2.047189617626504
0.2308209614677036,-1.0,0.5426640974374832,0.6306267040871575,-0.2188850519894595,1.0,3.6654693202650113
0.2741823261750693,1.0,0.85773086277202,1.0,0.11649892155851915,0.03108495751453552,-2.8775126905621518
-0.6734810961288501,-0.5506327729357028,0.07296085867761781,0.08170023361735673,1.0,-0.19953681711344384,1.6467393686599192
0.7329315897552008,0.1470564359914172,0.06864372256347673,-0.08568513016206936,-0.7258388313712281,-0.5792888669399098,3.4549414032205745
0.5887279560492684,-0.5372518475901886,-0.3725055701219439,-1.0,-0.24505159061313714,-0.9396330296464801,5.052055579528732
0.1601587301701004,0.7428596188392209,-0.8651778822354375,-1.0,-0.6915995856713872,-0.5070247844100626,-0.2801173734381505
-1.0,-0.08801309338579211,-0.10770415865034666,-0.5470910403584006,-0.4969350218701174,-1.0,1.300225774014234
0.3519236416209245,-1.0,0.037681619768193925,-0.031611453711902826,0.8979365739831805,-1.0,2.856514698118932
0.4122461194150727,0.9308112161574882,-0.5566286916090668,0.6696471322553254,-0.17553130825212138,0.6268182961397459,2.797891374012845
-1.0,-0.31210062956311757,-0.9311360580851669,-0.7732649736146309,1.0,-0.08130679910488603,-1.6485022830599114
-1.0,-1.0,-1.0,-0.3675503248922214,0.2839670443865938,-0.5028761936028353,-2.4082401015433015
0.5804074717550785,0.9554157155084958,0.4922187097032267,0.4549771084042379,-1.0,0.07507340507163163,0.4296014616185613
1.0,-0.3974429853252093,0.3666512065699279,0.4346840834344259,1.0,-0.29009517142897107,-2.5631599968002154
-0.3720974808769511,0.0556999393677563,0.20826981830460523,0.4616850274289691,-0.9008764653605779,-0.6324180057105928,-0.2539840291982459
0.22298512565321793,-0.7120400297656378,-1.0,-0.7421311432842579,-0.04464881061671855,-0.703460280883859,0.49338649143111957
1.0,1.0,0.2529262754989925,0.5261906576787274,1.0,0.9366641681952966,-0.5164078075310884
-1.0,-0.8921711068550265,-1.0,-1.0,-0.5698815719947292,-0.49567095243253845,-1.7875145476345882
1.0,-0.38161710034240387,0.5264489634017114,0.1950230090721461,1.0,0.0856046665797065,-4.067945612090139
0.30899276946690923,-0.3041878589425838,-0.26577106907209713,1.0,-0.46893252538089447,-0.6386687202394623,1.3099951401447962
1.0,-0.5146211051375593,-0.6233372744429206,-0.7144343236024858,-0.8635145301219782,0.06671975357230608,4.6650531136441975
0.597863036434705,-0.7314137066064823,0.4259759996016801,0.6931278316736436,0.7247787458406003,1.0,1.3681189683801795
1.0,0.0049345189227503194,1.0,1.0,0.8292242375527187,0.22448044630597908,-6.461372138837588
-1.0,-1.0,-1.0,0.0027040792551373816,-0.12883709799455523,-1.0,3.293245127329138
0.8713277927468355,-0.039815289479209856,0.42716154227626557,-0.5343720788269388,-1.0,-0.9708707096224243,6.617069107159874
-0.9786213636481851,-0.993603315371129,-0.800434163493716,-0.2994784549073619,0.9360306271854962,0.430419366535961,-3.1191967734769497
0.18581265726776186,-1.0,-0.06827242788350874,-0.4307336806495152,0.14696586358878772,0.11377841399576821,-0.029690512418725945
0.15825387873203323,-0.050646386399177845,0.2521141927563747,1.0,0.8804511047518224,-0.14577992579938315,-0.6556958800630205
0.8424723751798021,1.0,0.2953579447188364,0.6028295960189121,-1.0,-0.42609416479729667,3.4042014355629444
-0.20148787354163372,-0.8690465257316501,-0.3767645152638017,-1.0,-0.13116892432579474,-0.6904993790749545,2.474714822155211
-0.7030646837225281,-0.9507129758077771,-1.0,-0.25775528247918233,-0.3916701814458965,-1.0,3.886308674787231
-0.9722958248195324,0.66605204169647,0.6957965252960181,0.6083692532680762,-0.04723052596437244,-0.257319471964198,-0.4900592094543531
-0.10233145327271109,0.05264286095101131,0.18140030375350863,0.3811003863169202,-0.29788110992913297,0.6160888727139902,1.4261109469767947
-0.34654685379533046,-1.0,0.21496526136179317,-0.46121738316517685,1.0,1.0,2.613216466347203
0.04398642183987045,-0.4091939989775502,-0.5880587287347647,0.3706280247335464,1.0,0.533258876254776,1.3595114563340815
-0.2694998701191866,0.18918371163756142,1.0,0.6201786456462659,-0.06286129892703846,1.0,-1.6649154434345963
-1.0,-0.7344129101365544,-0.4221364713425413,-1.0,1.0,0.4445426466962706,1.973271835087799
1.0,0.8589678565774331,1.0,1.0,0.921107037255123,-1.0,-4.313684425190291
0.6784040635885467,1.0,1.0,1.0,0.4182204288629747,1.0,-8.284057313593134
0.8288770429374919,0.7943588152394051,1.0,1.0,-0.9411128466264949,-1.0,7.290543837498877
0.4593336625155766,0.3239580506326518,1.0,0.032295773314092974,-0.08722124651665308,0.25946327240814804,-0.4015153631119379
0.020100544511372165,0.43372417168857835,0.3757006753267488,-0.297491974624447,1.0,0.18449680806072732,0.6888140634225182
-1.0,-1.0,-0.8398117816994939,-0.2956068972401277,-0.3531392407415517,-0.18323315616601976,-3.413394611178813
0.7862563086144695,0.09713696323363416,-0.8264589574452018,-0.22568175643255306,-0.930622351147428,0.6393918112105419,5.136531213474022
-0.6260715376543745,-0.8330245463855143,-0.0019221702884027747,0.7052231685444312,0.10265342716874293,0.7803448654238261,-0.05623823020235341
-0.8665147044025067,-0.009456170406056508,-0.8512366142764787,0.3321758214839112,0.09356990207354793,-0.40053014091634986,0.7979123793067067
-0.410720750350802,0.6416652293604752,-1.0,-1.0,0.16401994358812422,1.0,8.95712139045794
-1.0,-0.554816941093071,-0.8403231018734244,-1.0,1.0,-0.9878024177296105,6.7908813959546155
-0.2911886261105115,0.8128182494960494,-1.0,0.8681692649873244,1.0,0.3408045737516945,0.7625979907419635
-0.548956254731938,-1.0,-1.0,-0.22002397632568238,-0.10683454012965943,1.0,1.6015582578373522
-1.0,-0.2034190527103854,-1.0,-1.0,-1.0,-1.0,1.883078860412747
0.11587704195703796,0.6723876389001009,-0.2550561330926612,0.5725522582005876,-0.9388388747896623,-1.0,3.1344263104238514
0.6063611200998891,0.5225509024226338,-1.0,-0.0306540131266273,-1.0,-0.7103258861396544,1.7551504688940738
0.17058088777836516,0.3025447882498765,-0.3014033771703487,0.022803876405742662,-1.0,-0.32915429373345173,0.28873389354147133
-1.0,-1.0,-0.8011669729951211,-0.2456619580747923,-0.02820265681463177,-0.8242872673311215,0.7232462669796842
1.0,1.0,0.14700901110946396,0.9755242403787021,-0.09684469909849802,-0.49713178234263544,3.236876151481725
1.0,0.9790896699305633,0.159626419431941,1.0,-1.0,-0.7566139964550453,9.451935442798957
0.25434226011213046,0.2472168481467205,1.0,0.5211190595518784,0.14597505340563877,0.9240739381286891,-1.6348667340126908
0.18915516112454545,0.12735323126371084,0.3229406926324256,1.0,-0.8377377492465108,1.0,2.649242953448543
-0.1615343446242118,-0.28023235137372005,-1.0,-0.8167312233326968,0.0336160007318419,-0.04308104298821741,-0.7047238067393793
0.20881626646402918,0.6128002460849211,1.0,1.0,-0.03905930878835347,-0.7383035396029469,0.9802514361429278
-0.08595700030138897,-1.0,-1.0,-1.0,0.11764904129972131,1.0,-1.3814602494726484
0.1763010177565687,1.0,1.0,-0.3618590911906542,0.3564729935190977,0.8969823730149407,-1.579374689587797
0.3019782676928027,0.2957145598651809,0.1903709122371888,0.3529559091254012,0.4776284370723717,0.30957047432278695,0.48322946310005793
-0.16446288540549914,-0.014541895339832828,-0.04111171092286847,-1.0,-1.0,-0.1960681529233454,1.4635379472237247
0.5866246148089267,1.0,0.7046342714313661,0.17159251411767035,0.5633475427510992,1.0,-1.2392392948164286
1.0,0.009323852425033197,0.7854481995045708,1.0,-0.15423246240820876,-1.0,4.841984258040096
-0.12633773979641805,-0.7514167273092616,0.1586337821615985,-0.18171930680634718,0.7108896474396255,0.3852392504159348,0.03418903827867237
1.0,1.0,0.9363575904440243,1.0,0.6459241728325821,0.6222069932289538,-7.629291920663514
0.9963050263394888,0.14310336418744612,-0.3274181798115289,1.0,-0.879925898728902,-0.8650093687255288,5.80231035024666
-0.01542058976882138,-0.20278545439554035,-0.853470936886367,0.06217961517616885,0.09184685297140635,-1.0,3.0039232516196104
0.28620440275677356,-0.517356283421154,-0.5105894243864835,1.0,0.27875496647660936,-1.0,0.5618384739436233
0.7702177161245878,1.0,0.9090705185774737,0.19822109773478713,1.0,-1.0,-3.3251753686426633
1.0,1.0,1.0,1.0,-0.3313266201019566,0.26872377095175326,-0.7733172552348925
-0.18851400750637964,-1.0,-0.546612954452122,1.0,1.0,1.0,3.024937952450282
-0.2522009075965557,1.0,1.0,0.338354576417622,-1.0,-0.12817671378483464,-3.5533215408569925
0.36477315658778353,0.3264215987860509,0.10696714913786054,-0.05706331077594268,0.7569005627388146,-0.8003113657853278,1.3985226440562877
-0.9964838555090998,-0.8643030820682555,0.9255989328165786,0.21470034763875356,-1.0,-0.8980423603896512,-0.5002532115967668
0.46996849326675166,-0.4223860289076147,-1.0,-0.5839008382462152,-0.03791169156515184,-0.14855456235649872,-0.6073272835846465
-1.0,-1.0,0.6331272866314823,-1.0,-0.284570082983722,0.4772592211051607,-2.2579703993135283
-1.0,-0.47792482268920433,-0.9772961700552234,-1.0,0.08761569014085735,-0.9847016936285725,4.381014677224391
-0.5624092135886397,1.0,1.0,-0.3417105846532097,-0.47875889160333585,-0.7297067159576498,-4.315065419275612
-0.03444842654961394,0.7555626107026956,-0.5293259165342352,0.1663419066759626,-0.6848809701769469,-0.5007185189177354,0.07186549473093512
-0.6210952947202115,0.46382779368584537,-0.6965692678269817,-1.0,0.5942499046160574,0.4186114626051623,1.8157534338735126
0.48243796526739957,1.0,0.9329986413516833,0.7676536811824413,0.1236598739171735,-0.15215670275737966,-2.9886634784249515
-0.3542694832501725,-1.0,-1.0,-0.8378962715439611,-0.2731892585698932,0.10331289763815099,-3.8890754336022195
1.0,0.328228955784015,1.0,0.5466106358516228,-0.2386991478802345,0.6295862131345176,-0.5840743233657201
0.3734394426706936,-0.1354532060239408,-0.23424622443907106,0.1567219881460086,-0.4601451542451933,1.0,3.3779719607689893
-0.1468865452421142,-0.6598095705256257,-1.0,-0.5275207476018604,-0.8700764977085591,1.0,5.444469118112913
-0.599027063953826,-0.9552875283572329,-0.9520986059046652,-0.030742355226630824,0.3311969481901183,0.2028013352869359,-2.0274273075786002
-1.0,-1.0,-0.5654778343998172,-0.009812959264232014,-0.7328559743539006,0.7208104402405975,-2.085423383359008
0.06787334914468786,-0.4487723133240322,-0.02167382871218826,0.7406474607285299,-1.0,-1.0,2.7087117151125177
0.1094435052359844,0.6162171866542491,0.3627409549290218,0.5547872563289228,-0.92416434005485,-0.6377536350350874,1.5134348331872298
0.9960069705764474,-0.7139374426205491,-1.0,-0.23352712137213194,-0.22341626240858525,-0.07039237027159315,0.9050184335441694
0.36715955422608526,1.0,-0.0012948753358006104,0.12377391192639675,-0.6054829699175424,0.17342199683141202,1.3853359795356956
-1.0,-0.6458166674346666,-0.9801325922006952,-1.0,-1.0,-0.2127733849964435,-1.9988711532181735
-0.29098786421016765,-0.52105531878062,-0.1855246638630562,0.5403486769900429,1.0,0.048733713134043954,0.4278033126313323
1.0,0.706534807938531,0.2002731462692554,0.09622105497730393,-0.9739337685755862,-0.8762246024555509,5.196233670470431
0.15061093922758242,-0.7746454960023524,0.608722093304619,0.4765698468522557,-0.869049639680239,-1.0,4.282085778866222
-0.40229685035485474,1.0,0.17325527294639995,0.822327057573541,1.0,-0.4555808013142548,1.2328011218396522
1.0,1.0,1.0,0.3568749129480895,1.0,-0.8478159763161112,-3.4141582528114256
-1.0,-1.0,-1.0,-0.12468182099883074,0.27428634578782085,1.0,2.5553036091714016
0.8892823434167652,0.9821313144768069,1.0,0.6898385018746767,-0.03925357227124508,0.6268796864380408,-4.167673948831703
1.0,0.29329152809198833,1.0,-0.13842217703270054,0.07743274950479431,0.2855973872957229,-0.44367126518937433
-0.39066952897013174,-0.7913207478710315,-0.22456384734577828,-1.0,-0.531244261737216,-1.0,5.480823683895803
-1.0,-1.0,-1.0,-0.29521430459607223,0.9395573891398015,1.0,2.3170864117235968
0.2439382877191783,-1.0,0.06324510168653619,0.048561058594372764,-0.7089891934279666,-0.5693092535323152,2.8975734453638218
-0.4120645638341882,-0.29657581360711216,-0.33606652907110446,-0.4010448320744975,-0.2618871076414585,1.0,2.7957229386828133
-0.8219342391298381,1.0,0.7258425769908087,0.9351673519047717,1.0,-0.49747019524271285,-3.9640616636241335
1.0,-0.6807182863363417,-0.9479231292911341,0.3959230842810668,-0.23253031617054165,-0.9402915771253821,3.447866977878531
0.43565071628762575,1.0,-0.6781516922973205,1.0,-1.0,-0.3450997098921018,5.582213540040924
0.3917802312746844,-1.0,-0.9731448554235955,-0.014713355656931992,-0.007960914809407527,1.0,1.2241120284232194
1.0,1.0,1.0,0.6446589805960597,0.6610214874113092,-0.808222014506037,-3.9526130433597824
-0.6137119115570209,0.7055625208535846,-0.531786158021474,-0.9470309736365067,-1.0,0.0788735481206409,1.2630681285375136
0.09666697826199977,1.0,0.868885372794943,1.0,1.0,1.0,-5.048453901531173
-0.37967255201416006,0.6719313750745404,-0.6749831358403233,0.27664233530215565,0.6602076381759174,1.0,7.24395878758968
0.5041372662263508,0.6303336132303928,1.0,0.2678866418802483,-1.0,0.2272981277987542,0.5896074186995169
-0.31021747794959253,-1.0,-0.192872101104951,-0.8430266137563691,1.0,-1.0,6.171898220505081
0.3233723500243064,-0.4948025174088855,0.33514899563687855,1.0,-1.0,-0.9839301026358094,4.886101872512125
0.42087387056446146,-0.31090778113048734,0.1495079574359635,0.1725602012782591,-0.37463641016689886,-1.0,4.976671984869963
-1.0,-1.0,-1.0,-0.03271130158500557,-0.07997284632319457,-0.1970110289939874,-4.589320762627961
0.6902588183788115,-0.22978494120099124,-0.41535141753618154,0.6386604520586584,-0.7168231407065528,-1.0,4.796283130777457
-0.4894559740408335,0.24247949986119022,0.2277606964151623,-0.07591055076141229,-0.4699776421508973,-0.5852030210406378,-0.8771983179811746
-0.9296516081369073,-0.7786840653144445,0.2806946551921019,-0.17912330206199295,0.15347843131348338,1.0,0.3854183872117867
-1.0,-1.0,-0.6214025561572017,-1.0,-0.9330661636428205,0.009459707815202077,-0.4759245536863763
1.0,1.0,1.0,0.47833126306787244,-1.0,-0.8067213812696472,4.0580843904853605
-0.3732301821463281,0.8052145942804839,0.6259226331767596,-1.0,-0.45417522586520703,1.0,2.67790239784075
-0.20215270975700583,-0.2537970785287291,0.4169151327257359,0.07640381418464774,-0.39196853373924484,0.9720454481518452,1.5980334388333386
-1.0,0.3687976356620296,0.7425191107788147,-0.9666091551731295,-0.07366948974969945,-1.0,-0.048418399667788936
-1.0,-0.24561757828907393,0.33806054604280966,-0.2808360623098973,0.410593908017706,1.0,1.8361510091060855
-0.547752091581133,0.7304217010448696,-1.0,-1.0,-1.0,-1.0,0.05049972180509868
0.40284212555464727,1.0,1.0,1.0,0.3219510350794104,0.8282810244710388,-6.92910232790048
0.05283136196135407,0.743625023107322,0.34387622183625277,0.25362000579525723,-0.32451836972535314,-0.00020806690302577202,0.4158983919803168
0.6789829480272116,-0.3156003730315589,0.4087565843352831,0.7256935498477812,-0.7569807468896073,-0.5148291188054669,4.052462905895406
-0.6255641043979903,-0.7768816823905422,0.3576091742324573,-0.013554956481203195,-0.6101686218134851,-0.8474007403534896,1.8892063554489709
0.032002715492487295,-0.09123876823637461,-0.7443904758333998,1.0,-1.0,-0.02175121058833107,-0.6317288517602779
0.7195948477064565,0.023970814207564972,0.3964010972451316,-0.37109994853869,1.0,0.8058289903160725,-0.6117870146850101
-1.0,-0.20320266681215854,0.0014382758169345783,-1.0,-0.29802857587916937,-1.0,2.490124933108491
1.0,0.03448142272846311,1.0,0.8008068775732262,1.0,-0.2486351050168113,-4.21844261460307
-0.87299188066813,-0.30575536699521666,0.2602034955999729,0.31179506745491714,-0.22531073249855837,-0.6013373934104969,0.7376231065556468
1.0,1.0,-1.0,0.36589265894608525,-1.0,-0.7780990346499228,7.296996436288841
-0.6288641844165058,-0.4419424246433563,-0.5085895761367084,0.9305914319544282,-1.0,-0.35770201089715403,-1.411724321543808
-0.19473912803967353,0.4315000210633097,1.0,0.045359419284012326,0.5374116053586686,-1.0,1.8853474060587965
-1.0,0.09529132901599147,-1.0,-0.1508247124709491,0.9824550665922899,-0.15188675389605025,-0.33777986241724145
-1.0,-1.0,-0.002362741094391718,-0.020713857214956777,-0.9190261282931909,0.46784609750539946,-3.335575205940067
0.35063308524258685,-0.239669398362104,0.45286240546421896,-0.6819071502703572,-1.0,-1.0,3.3022193981187353
-0.3208915598791955,-0.48000461552942003,-0.677877338461866,-0.6858507474048803,0.22576379784315614,1.0,3.609333042784466
1.0,-0.372150917492539,0.12410793238108117,-0.6305651231620534,1.0,1.0,-1.83880988919945
0.5865167714019218,-0.6500103042917661,-1.0,-0.4310449834632748,-0.4740823068980564,-0.05119754758128667,0.6826041950272281
-1.0,0.3012810787909974,-0.12482799231832331,-0.18208650753953384,0.6824363329312011,-0.9070776068266037,4.532450784773019
-0.4063969630968741,0.7457295597548775,-0.1277370804599932,-0.32887537645904563,-0.24100741835692774,-1.0,2.1941774686736877
-1.0,-1.0,-1.0,-0.8391316298152085,1.0,0.42446764945080706,-6.510763699998691
0.08103378136691264,-1.0,0.1823705249833586,-0.5713132544040609,0.8400500771945052,-1.0,5.569686374644288
1.0,0.3358362320380045,-0.07225216389343303,0.49036642571880235,-0.23651814458617137,-0.8260912867327389,4.488723265267338
0.23151275395355153,-0.9184059522166139,0.7301075620147981,-0.13773625526879302,1.0,0.11591810718176221,0.3872876157190987
0.7111812554189259,1.0,1.0,1.0,-0.441236244549126,-1.0,3.20485863780805
0.18975511247286514,1.0,0.7990480682681727,0.06883729127453875,0.9435595020630978,1.0,0.035000220393829606
-0.3344149597021283,0.17099639674978895,-1.0,0.11603166126472342,-1.0,-1.0,0.8596072838034391
-1.0,-0.11911699582769408,-1.0,0.0443468871480448,-1.0,0.044174595369421074,-3.596563267179613
0.6115714975783355,1.0,1.0,0.06860511777276357,0.6426614289670514,0.36495475392523136,-4.606827034404897
0.013566800436812576,-0.08410940643256026,0.7828245811126675,-0.4900339559382167,0.30507936975657457,-0.9338638658582773,2.565043782230732
-0.310687701989258,-0.035926657166363896,-0.42127205731429423,-0.7119630216026294,-0.3109401466673114,-0.7449888309269745,1.1370406276801468
-1.0,-0.24825592407737418,-0.21470848654145158,-0.6824564420959962,0.28800854428567046,-0.34070388580335464,1.8555006602723616
0.8963079255761262,0.6947518265448149,1.0,0.21479860300682496,-0.7404315553351737,-0.28619283342363255,2.9140095639193597
0.16020236332984783,0.04466393505101052,-0.3172474331221683,-0.025660422565589203,0.9008300711622249,1.0,3.9698922753389962
-0.9020508159290966,-0.4728994063614783,0.5103966269705011,0.2789158877954982,0.34123369546055815,0.727588347400594,-0.03361286271011327
-0.1527959961373317,0.8421435847973597,1.0,0.6927700874506442,-1.0,0.06651713366826462,-1.9540093331807644
0.006017951193343474,0.8484757086401225,0.5044519820888176,0.20576221756807928,-0.9446862042223443,0.3718299121877095,-0.5795780351967461
-1.0,-0.8544878289437745,-0.6056036662837119,-0.9304045364999118,1.0,0.9186280645752329,1.53172362129798
0.8886066389464703,-0.6145778913232869,0.7963502228427082,0.4027197311002433,-1.0,-0.26279440428866074,5.158921107518744
-1.0,-1.0,-0.4242748721180116,-0.8320294758300399,-0.11977530532661816,-0.09928344263773264,-2.7048482127044653
0.716738385274398,1.0,0.1961634655789844,-0.06366786927303159,0.08111211560336806,0.7701675024199846,1.5637617953433098
-0.00732708634510254,0.6408138889019377,0.9296528551162239,-0.004134902602219742,0.9287602081699651,0.36958385704399577,-0.5900952264866519
0.46823474231803874,-0.3450680156454456,0.3208052607926891,0.22909500793211013,-0.09358529000131757,-0.35905241489873596,1.41144606278033
-0.1863872147802632,-0.38245982658845695,-0.45306838023912654,-0.8020643187930427,-0.5465375187483182,-0.48920260608338256,0.8788535087716994
-0.49436983710368865,-1.0,-0.36821788484305745,-0.4268315431220295,-0.04526705881204168,-0.45061005502987805,0.11448236334933186
-0.018380403268148562,0.7516092434698298,-0.16099675138874192,0.29880942325734405,-0.16110520367448122,-1.0,2.3272681769023382
-0.8311311781662759,-0.6468845071610236,-1.0,-0.5948857951810964,0.9822083327957909,1.0,5.217930963662157
-1.0,-0.9243285138791344,-0.3796165044878753,-1.0,0.28510142399592087,0.3665820641311066,-3.1801818164215616
0.49175562453403676,-0.07821733926289369,0.12918707667141394,0.6320983967558045,-0.426093119022392,-0.3033225226478269,0.27678511121504756
-1.0,-1.0,0.9176554687836,-0.21808323888373893,-1.0,0.04269311773979864,-0.08225013911319606
-0.9555801428505948,-0.3800686544506674,-1.0,-0.7504619812113001,-0.09949715309460005,-1.0,5.685145304514242
-1.0,-1.0,-0.03155700297991948,-0.7519108201073004,1.0,1.0,3.329335342689336
1.0,0.09273467531383295,1.0,1.0,0.08030280753930447,0.7406163390043423,-2.8574659329082412
0.1023439737968912,1.0,0.8845229141409823,0.5371212286952451,0.05232707715147661,-0.7795262120403238,-0.47598228713636764
0.3290604456649656,0.5242127041167619,-1.0,-1.0,0.7354432100229769,-0.24956928513147641,-1.7308127192442058
-1.0,0.6325729773456086,-0.4879984043961315,-0.03637136131755936,0.6128986191162249,0.5841805581076918,2.495228930628903
-0.36811520010621324,0.8432391774727381,-0.6512459239782662,0.04257403056193021,0.9449106367359095,0.9463773647892704,9.186520543853348
0.2824500685490623,0.5828646494319374,1.0,1.0,0.5468429922780819,0.7303344447862572,-3.675998937206015
0.9945159052535545,1.0,0.7920177315226853,-0.055309657207849416,0.7456038790449535,-0.0742677592701973,-3.1699105473039713
-0.19595059670187842,-0.9566599187109832,-1.0,-1.0,-0.8620591032046563,-0.1215994343669835,0.2456247349802359
-1.0,-0.4195745328137803,-1.0,-0.19607007362421192,-0.5107258330650574,-1.0,4.05962275625062
0.6100829860961987,-0.354794732994566,1.0,1.0,0.2008493354665053,-0.7763700038590348,-0.16519550325947563
0.32374087909248234,0.8484095270506081,-0.24622855231915752,0.7732972614561513,-1.0,0.5370561080610889,4.511339306968294
-0.37873855191637373,-1.0,-0.9482341358492086,-1.0,-0.4848617723518991,-1.0,3.394239353407159
-0.9362555448875487,-0.9177333165905273,-1.0,-0.45387765076604425,0.0016204757793600866,-0.5673090643763471,-1.7142419339216528
-0.40100934774850605,-0.7448901740810215,0.89500127657325,0.11294541000151309,-0.18898136729968762,-1.0,4.025019497211132
0.8187092943129558,0.40535533028485327,-0.9854413144263279,-0.2369986811105802,0.0918289193553099,0.4246400555796903,1.1321813041424031
-0.1635341386115492,0.19083194448836394,1.0,1.0,0.8505234797482248,0.9309863996140624,-0.9190277284382979
-0.6260517139751982,-1.0,-0.27720252294882597,-1.0,-0.13181321143197822,-0.9396453299393486,3.4229697947647346
-0.21413787802194362,-1.0,-0.4729677098335052,-1.0,0.07440040703689477,0.07152418087650533,-2.2434186430191314
-0.6284835007491973,-0.6507055726163372,-0.34761174598736866,0.2873771860245729,1.0,-0.7531670443676277,2.6970809276353056
1.0,0.38094376229975146,1.0,0.5971739291070604,0.5644931664427196,-0.9656099582861686,0.7809503720633495
-0.603416451786648,-0.9404010952012679,-0.16182605709728382,1.0,-1.0,-1.0,1.7414178741767972
0.018288380409693494,1.0,1.0,-0.11375889182747276,0.8805061989600755,1.0,-1.000627943518753
-0.9014801717539043,-0.23904215394789097,-0.2772926537656991,-1.0,0.7086657938073027,-0.27033654055116974,2.3672767720645242
0.1711014912697295,1.0,0.5927143795435723,1.0,0.3149500531948352,1.0,-1.2917326822239135
1.0,1.0,0.5242081668713042,0.4933634229265379,-0.2666044522987422,-0.630562491459998,2.343437226129689
-1.0,0.48524907554526464,-0.5822071071344159,-0.6504349485031999,0.9586510565505387,-0.08469791867298582,2.1205385738138425
0.37830241997785474,-0.9818547800661479,0.6267245497862302,0.2381837150759072,0.7041602525057604,-0.5278814943167376,2.3036885243390057
-0.13135659562265234,-0.7149254751488665,-0.3725770222841734,0.6938418776873801,-0.33072620136242326,-1.0,2.0220958991431592
-1.0,-0.8349637205370637,0.8062849818453098,-1.0,-0.5901960355712146,-0.6849877900499501,3.1830591992767197
-0.23681808649192798,0.04591755538436226,0.165795436831898,-0.44324213876238183,-0.21513751327295982,-0.6425312248074757,1.452691017503366
-0.6987990262247343,0.2198062007090037,-0.6096432015498645,-0.21938508012103064,-1.0,-1.0,-2.6752065469775124
1.0,1.0,1.0,0.6672010926666472,0.8873397517175334,0.3172023315018091,-6.760029300372213
-0.9720914932891933,-1.0,-1.0,-1.0,-0.5991140779911746,-0.6025694699611917,-2.174371071701209
0.47629574080942116,0.9659333419399994,-0.03783622326515246,0.4713986997241134,0.40801732969145776,0.6776194639730995,1.1789257241375575
-0.7828428584989445,-0.10332027847088021,-1.0,0.22007709371269513,-0.34409350339217615,-1.0,4.845411868020379
-0.3197345578204578,0.08799658510643416,-0.5664520928704633,1.0,0.29478711905493316,1.0,4.667016476799456
-1.0,-0.11715352542985369,-1.0,-1.0,0.4465780316136837,-0.014318186545030254,-1.607624040453518
1.0,0.9982215611231846,1.0,0.7419905303668846,-1.0,-0.33503831994156685,4.660780868087611
-1.0,-0.37638788688672586,-1.0,-0.48472297742297377,0.3413776272114784,1.0,6.836102336981019
-0.21413072547071507,1.0,-0.19002183168214473,1.0,0.2076585056919411,1.0,2.6338822989486643
0.9454882667650246,-0.15032695024130252,1.0,-0.5669377445756197,-1.0,-0.4641487051133978,4.076120642501765
-0.5462199009241432,-0.26612950899460586,1.0,1.0,0.13817020376201697,1.0,-2.767442970796997
-1.0,-0.36940811954790664,0.8498870234456732,-1.0,0.39331491450752964,-0.8443819068652589,4.6770979019949
-0.3947731092669369,-0.5652199469901819,-1.0,-0.9493367983304704,0.2541423031639374,0.6181146871531029,-0.5885014989505878
0.31949340826902567,-0.44337562830264604,-1.0,-0.044137997412414975,-0.1322312196028126,0.4860190066119333,1.087299576562212
-0.534608115021458,0.17638493339894007,0.6011817543342628,-0.4747279181292843,-0.7171862150186641,-0.47216202349424086,-1.0002841672950236
-1.0,-0.5041455261098065,0.15534714191412222,0.21841604819694266,-1.0,-1.0,-1.370949960604611
0.1929554697534459,-0.21762837288368492,1.0,0.773277524360121,0.32250612914457377,0.8829133172802834,-2.8676718802268115
-0.32507967648270625,-0.0699630084579782,0.4795783865682467,-1.0,0.0765750551820311,0.34545597109287285,-1.2044131971907648
-1.0,-1.0,-1.0,-1.0,-1.0,-1.0,4.0596184153324755
0.7704882427615396,-0.3826938907667702,0.789853066910435,0.7787213043162657,1.0,0.07924900265416901,-3.2795731144301636
0.29823208263422946,0.40380222077527406,-0.0017894212949014499,0.08621190272202484,0.47781890342335565,1.0,3.1324537213682744
0.974103197692984,-0.30577122037775206,-1.0,-0.3651073540587564,0.006467517237787268,-0.2051777803307131,1.0114793431718805
-0.3222254313365386,0.2654895304999444,0.127581558323975,-0.014931052775437936,-1.0,-0.0126806703686827,-0.5240608825904315
-0.11599914075161477,-0.2455975645713041,-0.9421552811054322,-0.17335737925000572,0.019391010285115695,0.6386161823812491,2.749983012150184
0.13311561573257424,1.0,0.07616959909934096,1.0,0.2655005345745253,-1.0,2.622283267547968
0.11345890643688639,1.0,1.0,0.412089066539169,0.7940513531376536,1.0,-2.3391301403729914
1.0,1.0,1.0,1.0,0.9313084766975798,-0.4858817165685278,-6.016024711203776
-0.7318196886637444,0.9370487424415227,1.0,-0.47523834059642533,-0.8737610680134598,-0.549026430843674,-4.57210637416217
0.02541628135403748,-0.7942942515690634,-1.0,-0.4905321919737462,1.0,0.3180917966419483,-2.7215231962145623
-1.0,-1.0,0.8145259091466353,-0.9426804029833777,0.2618433812967118,0.02722504394205294,-0.431337769447799
1.0,0.45057185973788694,0.6534056334098388,0.31610485982604986,-1.0,0.3504772085940411,1.6673797437117799
1.0,-1.0,0.34859937391240864,0.10028198452183024,1.0,1.0,-1.4017771315047984
-0.1867516066413627,-0.10508848644577651,-0.22179997499297444,0.21513578472204176,0.9791622550949399,0.7714767245650591,2.86276468378075
0.2296855946534636,-1.0,-0.03163931945280607,-1.0,-0.037482709023843666,1.0,0.484889610551784
1.0,0.2176139017415637,0.8196026609105177,1.0,-0.20042960611370797,0.588503799559112,-0.19011201042095827
-1.0,-0.43417260917186895,-0.3446337244833839,-0.2605934161368403,-0.6612756110561078,-1.0,0.19453098415950576
-0.883329313288167,-1.0,-0.7249415916293563,-1.0,-0.6178049165442534,1.0,-0.5839049752080953
-0.5493915958623136,0.10248368239321859,0.3987036089933575,0.5995863145395509,0.8576115685887021,-0.17840931416009415,2.138398453441738
-0.29472988595069,0.3007337618090158,0.9575281997548047,0.5565992591576607,1.0,-0.610955805433137,0.5228741599762311
-0.061580649111203645,-0.5148725762788333,0.33544422266261387,-0.8999779102176865,1.0,-0.19299178871130895,1.3717936415708443
0.3999664559604278,-1.0,-1.0,-0.11350839969766668,0.9346236818252898,-0.32862842205273324,-3.94270327484457
1.0,1.0,1.0,0.2654991390075523,0.625411653675187,0.06454413391977196,-4.665716314402229
-0.14441331643354505,-0.7388946695382184,0.01432214505619503,-0.6035714863339994,1.0,1.0,3.014360940461384
-1.0,-0.07446300224232072,-1.0,-1.0,-0.3060767716012558,-1.0,3.6892620280904627
-0.0636454802345513,-0.6002588045860554,-0.24544108886100713,0.16006882371357692,0.37584561407223765,-0.0007703477178859774,-0.6373394624500968
0.5552714465307289,-0.7991038321042634,-0.9377260849669306,-0.6661598745725716,-1.0,0.7084538756051892,5.195096762807945
-0.03145621935312937,-0.4186169495412339,0.604787360766973,-1.0,1.0,0.17374149397325497,0.8224135279420255
-1.0,-1.0,-0.7594161864308415,0.050633202209651285,-0.6055088232149085,0.3724083758176153,-3.7920221328397967
0.5060874175862368,-0.9821778287930125,0.05482210040162255,0.7150602517941667,0.9334412727972401,0.3324665208688742,-0.9817087934271616
0.16350795411631558,1.0,1.0,0.010018942827760391,0.2058279824771631,1.0,-1.904640991036867
0.20757537469325638,0.0770906096290237,-0.32746626097916687,-0.20937885721398886,0.3402905446688172,0.6510178685572712,1.0198861566095454
-1.0,-0.062240526459302226,-1.0,-1.0,0.20531363006998782,0.006473973988755599,-1.560442630482188
-0.20457691693392732,-1.0,-0.14582582000340683,-1.0,-0.13869980622298184,-0.5709382982607627,2.0850253045446676
-1.0,-0.3696502641655506,-0.530495557741332,-1.0,-0.8671524168220257,0.45939588490626704,-0.5702381852732887
0.7626236777883313,1.0,-0.12052049827967837,-0.71990203325384,0.15624642904556368,-0.763221112007736,-0.574776433584779
-0.82766573213778,-1.0,-1.0,-1.0,-1.0,0.20067260332475262,-1.49399852970206
-1.0,-0.9118782524352524,-0.3462509983298946,-1.0,1.0,0.696393308509861,0.8733204103365071
-0.40513588992084265,0.6827653637894163,-1.0,-0.4849097138361883,-0.7763131334504503,-0.19987493879179832,-1.1027595724849752
0.9636574432873408,-0.5152718656279387,0.7926307121024908,0.9125145204654198,1.0,0.9750293416041662,-2.3017000817958353
-0.5198974705577277,0.2138715239043001,0.12841116201448904,0.45194727958582903,-1.0,-0.3975680706620256,-1.2323365280659566
0.34511302579218345,-0.2854126124677936,0.5205501263455229,1.0,0.28105901296557767,-0.2778428571615621,-0.5091411046184342
-1.0,1.0,-1.0,-1.0,0.04945306238406699,0.9880081419861324,10.931664265284478
-0.9286761617509998,-0.8246646034100623,-0.89484288571042,-0.2872494529876726,0.9116777087480079,0.07232447557171406,-3.02759177769784
1.0,-0.4842498579757976,-0.552458332017903,1.0,-1.0,-0.47079855016041827,4.585478541464527
-0.4691952928060135,0.4182735208078879,0.6660617546303166,0.47704026955788414,-1.0,-0.1302665399514914,-2.091280401153531
0.27051979288155725,1.0,1.0,1.0,0.17395319955130617,-0.0192990821379021,-4.195100338399163
0.07884130105404641,-0.4122538696714521,0.8311566980596143,0.2391480856491307,1.0,0.7376276414945799,-0.7703113436673987
0.08613894359541363,0.8044340641720231,1.0,0.22064568033044463,-0.6506207133927326,-0.21947452849141091,-0.6616786630130221
-0.8065860115494583,-0.08999267434788202,-0.6495462458071648,-1.0,1.0,1.0,8.424628816302564
0.06539300752821176,-1.0,-1.0,-0.46026767021903303,1.0,-0.6607591365765959,-2.535823926666343
0.786064859627569,0.0954484136688829,0.8636894851046213,1.0,0.3815418380307422,1.0,-2.0692838108347993
0.28054771702565057,0.5038932635851209,-1.0,0.5429748633750426,-0.9640168422069785,-0.1663694885485285,0.4091416828267165
-1.0,-0.7623110775176957,0.4915951497789157,1.0,-0.138712024335778,0.510877584717415,-2.8744169829723756
1.0,1.0,0.8849118861199329,1.0,-0.47218734290601794,-1.0,5.653831926918804
1.0,1.0,0.7739525688603298,0.757281289536071,1.0,0.8396113069669032,-5.680904572258435
-0.5314181393150881,-0.13750883164073024,-0.025517547089682124,-1.0,0.9043340910195733,0.5308974789099034,2.9160406948741313
0.2192560164040334,-0.036861466892238126,1.0,0.024364980875999864,-1.0,-0.1653239278323394,0.31892327223901024
0.5136142116544751,-0.05962672062507812,0.32409218737736245,1.0,1.0,0.6763694401179359,0.29791919581469406
-1.0,-0.5657004105725327,-0.6409823154912031,0.07715761309892633,-0.19679109944896145,-1.0,3.6161064449208795
0.6922034102280126,-0.11036633699235282,0.18776848601224388,0.0482013130698542,1.0,0.8870405295172177,0.47335862323443095
1.0,0.24785212878156448,1.0,1.0,0.06621053838346878,-0.541556049017625,0.4322741575408702
-1.0,-1.0,-0.9493555113605257,-0.668171607767376,0.7952257808630302,1.0,-0.14245347508778505
-0.9384203066241462,0.12091903340318955,-0.006839516079593377,-0.4057027008153715,-0.8451132330879948,0.1351977766693686,-2.0390269812630297
0.8386940135482093,-0.8862579844335954,-0.8069661890898038,0.5192423386037571,0.1910088013947232,-0.750275897494911,-0.6831619725277729
0.049599388969789215,1.0,0.021512091734125938,1.0,1.0,1.0,4.125462656847162
0.7385696776926992,-0.47305588920889885,-0.5258240866340276,-0.30731635503213595,-1.0,-0.004823608505709509,2.2034036566542192
-0.19328631331362023,-0.9912551151149378,-0.27497862006844787,-0.13057277287835434,-0.04973400368187331,-1.0,3.3074693175296295
0.9207052990327029,0.7283929665611504,0.21681874043861726,0.6913429609863175,0.4824716923656885,0.7934300828871844,0.3073067944163006
0.0740792640070701,0.059694907064469005,-1.0,-1.0,-0.13549160977030394,0.5130922952485819,0.44758234926733365
-1.0,-0.860831230395339,1.0,0.46213724984356186,0.6775174596334159,1.0,0.558279178062157
-0.9655752300042735,0.37245179872414774,0.25586622541434556,-1.0,-0.6223221548753055,-0.7854719323987291,-0.3764884474298396
-0.0006753109334343144,0.8316267550016864,1.0,0.23023318597260223,-0.5395554555120363,-0.41199272590873603,-1.8659353234559533
-0.910904566150573,-0.08849194484370781,-1.0,-0.09461376750783446,0.3876912698475017,-0.7858919067609753,2.816394442872916
-0.40979490066709245,-0.92012862883318,-0.573968755499298,-1.0,0.10866091252278265,0.14729398448093245,-1.9317068547787533
-0.12363308580541499,-0.3293371506446984,-0.8519861039788128,-1.0,-0.5343955907581471,0.04577199738451032,0.266540349814685
-0.024771777760676184,-0.6166889770539339,-0.159031216486327,-1.0,-0.9392404919198192,0.15313132567430515,3.295214674996701
1.0,1.0,1.0,1.0,-1.0,-0.11201023801679005,5.196384799362182
-0.7306995228927597,-1.0,-0.6033601549286216,-0.8752887765402826,0.3870007543106351,-0.0994782459742295,-1.9244314755726462
1.0,0.10794681975485254,0.167518876731914,1.0,-0.13574355602638788,0.42059126184533246,0.5398733341093376
-1.0,-0.7028904469328789,-1.0,0.1696992181643413,-1.0,-0.669610733952017,-2.835196051735182
-0.1743938341930409,1.0,0.2240695056836659,0.22375134752504477,0.11976604393118606,0.8440880110686633,1.5489752881887284
-0.4033021875888124,-0.1615504392212016,-1.0,-0.24631691103017822,-1.0,1.0,5.4331880280718385
0.6066554578156733,-1.0,-0.6953583015726987,-0.5030084043934704,-1.0,-1.0,5.70263380993215
-0.8546696335054202,0.21044958789436152,0.46554438078581745,-0.7746543057348825,0.7872581766145752,0.24739401593560717,2.1503771531415925
0.7779523021142232,-0.3102211086972598,-0.3076639629897491,0.6326706553432122,-1.0,-0.9531426603262283,5.526993016557316
1.0,0.42754389112737723,-0.17507526999242012,0.5670665145130709,0.3799234293106819,0.9062180394362578,1.1649089576269454
0.3683735822809244,-1.0,0.7624339240330615,-0.6527432576059866,0.891461712551876,0.5436407171987961,-0.9296704045535937
-0.2173932003226492,-1.0,-1.0,-0.8098977796427445,0.17843427828610559,0.7455871605814929,-2.033592426949558
0.7327702215457144,0.30102300866730686,0.9307358137231603,0.052558038143481145,1.0,0.22452389092323144,-2.7467369073624384
1.0,1.0,1.0,0.27591117975261303,-0.5240739280418989,-0.8995505568765273,3.4292185280995304
0.7167693823478328,-0.920131389768868,-0.44304646804759845,0.4440077796100138,-0.8798691422870337,1.0,5.340644831795917
0.7129949658315856,0.3116341968597407,0.9311405183661771,-0.07993935215951231,-0.6757920152088144,0.9989564149258606,1.5103428468454376
-1.0,-0.3734418791364107,-0.3949007144722575,-1.0,-0.04331553135448818,-1.0,4.071701303298323
0.665378190983922,1.0,0.786165933104782,0.7566416728338938,-1.0,-1.0,5.436840790507199
